{
"type": "FeatureCollection",
"name": "barridos_limpieza",
"crs": { "type": "name", "properties": { "name": "urn:ogc:def:crs:OGC:1.3:CRS84" } },
"features": [
{ "type": "Feature", "properties": { "id": 1, "Name": "LIVERA MATÍAS  CARAPACHAY-V.ADELINA", "Cuadro": "NA", "Nombre": "V.ADELINA", "LP": "NA" }, "geometry": { "type": "MultiPolygon", "coordinates": [ [ [ [ -58.5306307, -34.5358688 ], [ -58.5304352, -34.5359049 ], [ -58.5303089, -34.53624 ], [ -58.5305903, -34.536019 ], [ -58.5306307, -34.5358688 ] ] ], [ [ [ -58.5265862, -34.531674 ], [ -58.5308296, -34.5336121 ], [ -58.5317495, -34.5338047 ], [ -58.5314626, -34.5344032 ], [ -58.5311622, -34.5349909 ], [ -58.5308081, -34.5355742 ], [ -58.5299092, -34.5374089 ], [ -58.5316626, -34.5384872 ], [ -58.5336225, -34.53959 ], [ -58.5377168, -34.5440581 ], [ -58.5537891, -34.5301229 ], [ -58.5387097, -34.5171922 ], [ -58.5379233, -34.5178174 ], [ -58.5372409, -34.5183913 ], [ -58.5372892, -34.5183515 ], [ -58.537169, -34.5184692 ], [ -58.5358815, -34.5174173 ], [ -58.5349745, -34.5182608 ], [ -58.5344887, -34.5187621 ], [ -58.5340781, -34.5191308 ], [ -58.5331495, -34.5194129 ], [ -58.5303892, -34.5215163 ], [ -58.5290314, -34.5226343 ], [ -58.5279201, -34.5239734 ], [ -58.5274733, -34.524611 ], [ -58.5267842, -34.5254172 ], [ -58.5264503, -34.5258425 ], [ -58.5262398, -34.5261218 ], [ -58.5256822, -34.5269344 ], [ -58.5232917, -34.5298711 ], [ -58.5265862, -34.531674 ] ] ] ] } },
{ "type": "Feature", "properties": { "id": 2, "Name": "cuadro 1 - Clemente Brenda LP 36506", "Cuadro": "1", "Nombre": "Clemente Brenda", "LP": "36506" }, "geometry": { "type": "MultiPolygon", "coordinates": [ [ [ [ -58.5468023, -34.5242201 ], [ -58.5458394, -34.5250067 ], [ -58.546243, -34.5253768 ], [ -58.547167, -34.5261536 ], [ -58.5474047, -34.5263494 ], [ -58.5476504, -34.5265541 ], [ -58.5481366, -34.5269679 ], [ -58.549066, -34.5277999 ], [ -58.5499927, -34.5285899 ], [ -58.5509409, -34.5293798 ], [ -58.5527837, -34.5310018 ], [ -58.5537329, -34.5301627 ], [ -58.5502594, -34.5271804 ], [ -58.548512, -34.5256848 ], [ -58.547633, -34.5249325 ], [ -58.5468023, -34.5242201 ] ] ] ] } },
{ "type": "Feature", "properties": { "id": 3, "Name": "cuadro 2 - Poderoso Lourdes LP 34916", "Cuadro": "2", "Nombre": "Poderoso Lourdes", "LP": "34916" }, "geometry": { "type": "MultiPolygon", "coordinates": [ [ [ [ -58.5527408, -34.5310349 ], [ -58.5508588, -34.5293974 ], [ -58.5478212, -34.5320391 ], [ -58.5478221, -34.5321492 ], [ -58.5478325, -34.5322273 ], [ -58.547852, -34.5322583 ], [ -58.5478876, -34.5322892 ], [ -58.54794, -34.532339 ], [ -58.5479816, -34.5323777 ], [ -58.5480743, -34.5324645 ], [ -58.5481723, -34.5325801 ], [ -58.548179, -34.5326348 ], [ -58.5481695, -34.532685 ], [ -58.5478945, -34.5329242 ], [ -58.5475657, -34.5332253 ], [ -58.5489088, -34.5342962 ], [ -58.5508182, -34.5327219 ], [ -58.5527408, -34.5310349 ] ] ] ] } },
{ "type": "Feature", "properties": { "id": 4, "Name": "cuadro 3 - Salomón Ivan LP 39599", "Cuadro": "3", "Nombre": "Salomón Ivan", "LP": "39599" }, "geometry": { "type": "MultiPolygon", "coordinates": [ [ [ [ -58.5468178, -34.5295851 ], [ -58.547428, -34.5301017 ], [ -58.5456067, -34.5317192 ], [ -58.5465815, -34.5324651 ], [ -58.5475134, -34.5332109 ], [ -58.5480999, -34.5326972 ], [ -58.5481313, -34.5326347 ], [ -58.548117, -34.5325613 ], [ -58.5480362, -34.5324795 ], [ -58.5479014, -34.5323534 ], [ -58.5478193, -34.5322772 ], [ -58.5477747, -34.5321943 ], [ -58.547773, -34.5320937 ], [ -58.5477775, -34.532039 ], [ -58.5478035, -34.5319931 ], [ -58.5508285, -34.5293264 ], [ -58.549019, -34.5278341 ], [ -58.5468178, -34.5295851 ] ] ] ] } },
{ "type": "Feature", "properties": { "id": 5, "Name": "cuadro 4 - VACÍO", "Cuadro": "4", "Nombre": "VACÍO", "LP": "NA" }, "geometry": { "type": "MultiPolygon", "coordinates": [ [ [ [ -58.5489908, -34.5277976 ], [ -58.5457937, -34.5250442 ], [ -58.544753, -34.5258663 ], [ -58.5436693, -34.5266529 ], [ -58.5452036, -34.5279832 ], [ -58.5450426, -34.5281247 ], [ -58.5467592, -34.5295388 ], [ -58.5489908, -34.5277976 ] ] ] ] } },
{ "type": "Feature", "properties": { "id": 6, "Name": "cuadro 5 - Alegre Pedro LP 34378", "Cuadro": "5", "Nombre": "Alegre Pedro", "LP": "34378" }, "geometry": { "type": "MultiPolygon", "coordinates": [ [ [ [ -58.545917, -34.5234607 ], [ -58.5433421, -34.5212597 ], [ -58.5404695, -34.5237922 ], [ -58.5410682, -34.5243425 ], [ -58.5416992, -34.5248839 ], [ -58.5429237, -34.525918 ], [ -58.545917, -34.5234607 ] ] ] ] } },
{ "type": "Feature", "properties": { "id": 7, "Name": "cuadro 6 - VACÍO", "Cuadro": "6", "Nombre": "VACÍO", "LP": "NA" }, "geometry": { "type": "MultiPolygon", "coordinates": [ [ [ [ -58.5404024, -34.5237613 ], [ -58.543275, -34.5212236 ], [ -58.5406894, -34.5189783 ], [ -58.5377389, -34.5213915 ], [ -58.5404024, -34.5237613 ] ] ] ] } },
{ "type": "Feature", "properties": { "id": 8, "Name": "cuadro 7 - Chacón Karina LP 38424", "Cuadro": "7", "Nombre": "Chacón Karina", "LP": "38424" }, "geometry": { "type": "MultiPolygon", "coordinates": [ [ [ [ -58.5406572, -34.5189694 ], [ -58.5386533, -34.5172343 ], [ -58.5371126, -34.5185113 ], [ -58.5356468, -34.5197362 ], [ -58.5376745, -34.5213274 ], [ -58.5406572, -34.5189694 ] ] ] ] } },
{ "type": "Feature", "properties": { "id": 9, "Name": "cuadro 8 - Ferrario Lautaro LP 37815", "Cuadro": "8", "Nombre": "Ferrario Lautaro", "LP": "37815" }, "geometry": { "type": "MultiPolygon", "coordinates": [ [ [ [ -58.5488826, -34.5343187 ], [ -58.5455835, -34.5317424 ], [ -58.5442172, -34.5329009 ], [ -58.5435113, -34.5334801 ], [ -58.5428482, -34.534056 ], [ -58.5430665, -34.5341907 ], [ -58.5433304, -34.5342391 ], [ -58.5434625, -34.5342433 ], [ -58.5435366, -34.5342631 ], [ -58.5436013, -34.5342983 ], [ -58.5437757, -34.5344369 ], [ -58.5463157, -34.5365835 ], [ -58.5488826, -34.5343187 ] ] ] ] } },
{ "type": "Feature", "properties": { "id": 10, "Name": "cuadro 9 - Aquino Pedro LP 24944", "Cuadro": "9", "Nombre": "Aquino Pedro", "LP": "24944" }, "geometry": { "type": "MultiPolygon", "coordinates": [ [ [ [ -58.5473282, -34.5300999 ], [ -58.5461639, -34.5291255 ], [ -58.5449782, -34.5281777 ], [ -58.5416796, -34.5310942 ], [ -58.5428383, -34.53204 ], [ -58.5433425, -34.5324576 ], [ -58.5440399, -34.5329548 ], [ -58.5473282, -34.5300999 ] ] ] ] } },
{ "type": "Feature", "properties": { "id": 11, "Name": "cuadro 10 - Saguas Maria LP 29945", "Cuadro": "10", "Nombre": "Saguas Maria", "LP": "29945" }, "geometry": { "type": "MultiPolygon", "coordinates": [ [ [ [ -58.5450956, -34.5279803 ], [ -58.5441944, -34.5271803 ], [ -58.5432557, -34.5263892 ], [ -58.5410133, -34.5280863 ], [ -58.5399404, -34.5286343 ], [ -58.5387817, -34.5288641 ], [ -58.5416313, -34.5310766 ], [ -58.5450956, -34.5279803 ] ] ] ] } },
{ "type": "Feature", "properties": { "id": 12, "Name": "cuadro 11 - Luzzi Jorge LP 35991", "Cuadro": "11", "Nombre": "Luzzi Jorge", "LP": "35991" }, "geometry": { "type": "MultiPolygon", "coordinates": [ [ [ [ -58.5428831, -34.5260228 ], [ -58.5410699, -34.5244714 ], [ -58.5401445, -34.5253277 ], [ -58.5392246, -34.5261531 ], [ -58.5373523, -34.5278214 ], [ -58.5379961, -34.5282812 ], [ -58.5383179, -34.5284138 ], [ -58.5387256, -34.5285022 ], [ -58.5394981, -34.5283961 ], [ -58.5402491, -34.5281132 ], [ -58.5408285, -34.5277597 ], [ -58.5428831, -34.5260228 ] ] ] ] } },
{ "type": "Feature", "properties": { "id": 13, "Name": "cuadro 12 - Oviedo Brenda LP 35775", "Cuadro": "12", "Nombre": "Oviedo Brenda", "LP": "35775" }, "geometry": { "type": "MultiPolygon", "coordinates": [ [ [ [ -58.539803, -34.5255267 ], [ -58.5394006, -34.5251566 ], [ -58.5389608, -34.5247821 ], [ -58.538537, -34.5244164 ], [ -58.5380595, -34.5240683 ], [ -58.5366327, -34.5251887 ], [ -58.5353667, -34.5262206 ], [ -58.5373193, -34.5277984 ], [ -58.539803, -34.5255267 ] ] ] ] } },
{ "type": "Feature", "properties": { "id": 14, "Name": "cuadro 13 - Manucra Sergio LP 29074", "Cuadro": "13", "Nombre": "Manucra Sergio", "LP": "29074" }, "geometry": { "type": "MultiPolygon", "coordinates": [ [ [ [ -58.5380059, -34.5240374 ], [ -58.5366031, -34.5230054 ], [ -58.5359178, -34.5224982 ], [ -58.5351896, -34.5220087 ], [ -58.5339316, -34.5231512 ], [ -58.5327166, -34.5243467 ], [ -58.5353023, -34.5261941 ], [ -58.5380059, -34.5240374 ] ] ] ] } },
{ "type": "Feature", "properties": { "id": 15, "Name": "cuadro 14 - Valles Dalila LP 39337", "Cuadro": "14", "Nombre": "Valles Dalila", "LP": "39337" }, "geometry": { "type": "MultiPolygon", "coordinates": [ [ [ [ -58.5410381, -34.5244397 ], [ -58.5399824, -34.5234766 ], [ -58.5396107, -34.523161 ], [ -58.5386075, -34.5222793 ], [ -58.5377224, -34.5215257 ], [ -58.5368266, -34.5207721 ], [ -58.5353621, -34.5220406 ], [ -58.5359428, -34.5224417 ], [ -58.5365127, -34.5228605 ], [ -58.5376634, -34.5237069 ], [ -58.5387738, -34.5245422 ], [ -58.5398683, -34.5255058 ], [ -58.5410381, -34.5244397 ] ] ] ] } },
{ "type": "Feature", "properties": { "id": 16, "Name": "cuadro 15 - Guzmán Melanie LP 39053", "Cuadro": "15", "Nombre": "Guzmán Melanie", "LP": "39053" }, "geometry": { "type": "MultiPolygon", "coordinates": [ [ [ [ -58.5357607, -34.5175323 ], [ -58.5348537, -34.5184023 ], [ -58.5343358, -34.5189213 ], [ -58.5340446, -34.5192029 ], [ -58.5338393, -34.5192502 ], [ -58.5330984, -34.5194992 ], [ -58.5326914, -34.5197703 ], [ -58.5324345, -34.5199839 ], [ -58.5352924, -34.5220097 ], [ -58.536753, -34.5207131 ], [ -58.5355513, -34.5197716 ], [ -58.5370426, -34.5185164 ], [ -58.5357607, -34.5175323 ] ] ] ] } },
{ "type": "Feature", "properties": { "id": 17, "Name": "cuadro 16 - Helzer Cristian LP 39606", "Cuadro": "16", "Nombre": "Helzer Cristian", "LP": "39606" }, "geometry": { "type": "MultiPolygon", "coordinates": [ [ [ [ -58.5351466, -34.5218631 ], [ -58.5324324, -34.5199096 ], [ -58.5310322, -34.5209968 ], [ -58.5297018, -34.522115 ], [ -58.5326577, -34.5242232 ], [ -58.5351466, -34.5218631 ] ] ] ] } },
{ "type": "Feature", "properties": { "id": 18, "Name": "cuadro 32 - Saguas David LP 29396", "Cuadro": "32", "Nombre": "Saguas David", "LP": "29396" }, "geometry": { "type": "MultiPolygon", "coordinates": [ [ [ [ -58.5401618, -34.5370712 ], [ -58.5388314, -34.5365852 ], [ -58.5380482, -34.5380257 ], [ -58.5372328, -34.5377165 ], [ -58.5362886, -34.5395635 ], [ -58.5352801, -34.5390156 ], [ -58.534572, -34.5382555 ], [ -58.5343145, -34.5381141 ], [ -58.5335635, -34.5395458 ], [ -58.5368895, -34.5430985 ], [ -58.5401618, -34.5370712 ] ] ] ] } },
{ "type": "Feature", "properties": { "id": 19, "Name": "cuadro 17 - Figueredo Carlos LP 29144", "Cuadro": "17", "Nombre": "Figueredo Carlos", "LP": "29144" }, "geometry": { "type": "MultiPolygon", "coordinates": [ [ [ [ -58.5462273, -34.5365955 ], [ -58.5455379, -34.5360653 ], [ -58.5449049, -34.5355129 ], [ -58.5436068, -34.534375 ], [ -58.5435303, -34.5343374 ], [ -58.5434586, -34.5342888 ], [ -58.54336, -34.5342755 ], [ -58.5431897, -34.534281 ], [ -58.5431106, -34.5342473 ], [ -58.5429886, -34.5342004 ], [ -58.5428442, -34.5341168 ], [ -58.5411365, -34.535577 ], [ -58.5408723, -34.5359973 ], [ -58.540651, -34.5364177 ], [ -58.5403265, -34.5370816 ], [ -58.5409568, -34.5372142 ], [ -58.5415173, -34.5374175 ], [ -58.5434807, -34.5390082 ], [ -58.5462273, -34.5365955 ] ] ] ] } },
{ "type": "Feature", "properties": { "id": 20, "Name": "cuadro 18 - VACÍO", "Cuadro": "18", "Nombre": "VACÍO", "LP": "NA" }, "geometry": { "type": "MultiPolygon", "coordinates": [ [ [ [ -58.5439964, -34.532974 ], [ -58.543358, -34.5325299 ], [ -58.5427948, -34.5320857 ], [ -58.5416308, -34.5311046 ], [ -58.5386106, -34.5337429 ], [ -58.5379508, -34.5350466 ], [ -58.5378609, -34.5351537 ], [ -58.5377281, -34.5351813 ], [ -58.5371836, -34.5349626 ], [ -58.5368081, -34.5356652 ], [ -58.5403003, -34.5369644 ], [ -58.5411318, -34.5354399 ], [ -58.5427731, -34.534003 ], [ -58.5439964, -34.532974 ] ] ] ] } },
{ "type": "Feature", "properties": { "id": 21, "Name": "cuadro 19 - Villalba Gabriela LP 37422", "Cuadro": "19", "Nombre": "Villalba Gabriela", "LP": "37422" }, "geometry": { "type": "MultiPolygon", "coordinates": [ [ [ [ -58.5416032, -34.5310813 ], [ -58.5401548, -34.5299599 ], [ -58.5387145, -34.5288418 ], [ -58.537824, -34.5289478 ], [ -58.5385455, -34.5327772 ], [ -58.5384992, -34.5328341 ], [ -58.5380667, -34.5329086 ], [ -58.5375558, -34.5329959 ], [ -58.5385643, -34.5336853 ], [ -58.5416032, -34.5310813 ] ] ] ] } },
{ "type": "Feature", "properties": { "id": 22, "Name": "cuadro 20 - Maenza Laura LP 21438", "Cuadro": "20", "Nombre": "Maenza Laura", "LP": "21438" }, "geometry": { "type": "MultiPolygon", "coordinates": [ [ [ [ -58.5384599, -34.5327673 ], [ -58.5377705, -34.5289445 ], [ -58.5363409, -34.529139 ], [ -58.5363691, -34.5292263 ], [ -58.5363758, -34.5292738 ], [ -58.5364054, -34.5294175 ], [ -58.5349944, -34.5295898 ], [ -58.5353834, -34.5315077 ], [ -58.5355376, -34.5324667 ], [ -58.5356865, -34.5333815 ], [ -58.5364428, -34.533629 ], [ -58.5369605, -34.5326149 ], [ -58.5374941, -34.5329517 ], [ -58.5384599, -34.5327673 ] ] ] ] } },
{ "type": "Feature", "properties": { "id": 23, "Name": "cuadro 21 - Barrera Rosa LP 21566", "Cuadro": "21", "Nombre": "Barrera Rosa", "LP": "21566" }, "geometry": { "type": "MultiPolygon", "coordinates": [ [ [ [ -58.5355959, -34.5333083 ], [ -58.5349092, -34.5296226 ], [ -58.5321842, -34.5300292 ], [ -58.5324014, -34.5313318 ], [ -58.5326092, -34.5321433 ], [ -58.5325167, -34.5322831 ], [ -58.5335252, -34.5325217 ], [ -58.5355959, -34.5333083 ] ] ] ] } },
{ "type": "Feature", "properties": { "id": 24, "Name": "cuadro 22 - Buisan Gabriela LP 38723", "Cuadro": "22", "Nombre": "Buisan Gabriela", "LP": "38723" }, "geometry": { "type": "MultiPolygon", "coordinates": [ [ [ [ -58.5385221, -34.5337208 ], [ -58.5369798, -34.5326911 ], [ -58.5364648, -34.5336943 ], [ -58.5333374, -34.5325276 ], [ -58.532522, -34.5323641 ], [ -58.5316905, -34.5337605 ], [ -58.53183, -34.5337738 ], [ -58.536733, -34.5356652 ], [ -58.5371669, -34.5348919 ], [ -58.5376896, -34.535073 ], [ -58.537826, -34.5350465 ], [ -58.5385221, -34.5337208 ] ] ] ] } },
{ "type": "Feature", "properties": { "id": 25, "Name": "cuadro 23 - Zoe de Leon LP 38674", "Cuadro": "23", "Nombre": "Zoe de Leon", "LP": "38674" }, "geometry": { "type": "MultiPolygon", "coordinates": [ [ [ [ -58.5380063, -34.5284664 ], [ -58.5380318, -34.5284382 ], [ -58.5380359, -34.5284144 ], [ -58.5380292, -34.5283819 ], [ -58.5380171, -34.5283493 ], [ -58.5371923, -34.5277847 ], [ -58.5364748, -34.527167 ], [ -58.5358378, -34.5272797 ], [ -58.5352866, -34.5273659 ], [ -58.5339267, -34.5275294 ], [ -58.5326741, -34.5276929 ], [ -58.531962, -34.5278012 ], [ -58.5314644, -34.5278697 ], [ -58.5314108, -34.5286188 ], [ -58.5313465, -34.5293524 ], [ -58.5329987, -34.5291376 ], [ -58.5346617, -34.5289183 ], [ -58.5380063, -34.5284664 ] ] ] ] } },
{ "type": "Feature", "properties": { "id": 26, "Name": "cuadro 24 - Gonzalo Milagros LP 36974", "Cuadro": "24", "Nombre": "Gonzalo Milagros", "LP": "36974" }, "geometry": { "type": "MultiPolygon", "coordinates": [ [ [ [ -58.5363701, -34.527106 ], [ -58.5355895, -34.5264594 ], [ -58.5345675, -34.5257155 ], [ -58.5326201, -34.5243337 ], [ -58.530582, -34.5264431 ], [ -58.5315046, -34.5271502 ], [ -58.5314832, -34.5277866 ], [ -58.5339374, -34.5274817 ], [ -58.5363701, -34.527106 ] ] ] ] } },
{ "type": "Feature", "properties": { "id": 27, "Name": "cuadro 25 - Peralta Julio LP 23931", "Cuadro": "25", "Nombre": "Peralta Julio", "LP": "23931" }, "geometry": { "type": "MultiPolygon", "coordinates": [ [ [ [ -58.532578, -34.5243366 ], [ -58.5296115, -34.5222505 ], [ -58.5291367, -34.5226643 ], [ -58.5285761, -34.5233256 ], [ -58.5276481, -34.5244272 ], [ -58.5304966, -34.5264204 ], [ -58.532578, -34.5243366 ] ] ] ] } },
{ "type": "Feature", "properties": { "id": 28, "Name": "cuadro 26 - Ariza Priscila LP 38558", "Cuadro": "26", "Nombre": "Ariza Priscila", "LP": "38558" }, "geometry": { "type": "MultiPolygon", "coordinates": [ [ [ [ -58.5264034, -34.5272842 ], [ -58.5269311, -34.5275075 ], [ -58.527462, -34.527755 ], [ -58.5279715, -34.5279804 ], [ -58.5283663, -34.5281445 ], [ -58.528788, -34.5283085 ], [ -58.5288911, -34.5274788 ], [ -58.5289492, -34.526701 ], [ -58.5296536, -34.527181 ], [ -58.5300683, -34.5274136 ], [ -58.5313429, -34.52802 ], [ -58.5313468, -34.527173 ], [ -58.5276181, -34.5244828 ], [ -58.5256447, -34.5269167 ], [ -58.525824, -34.5269881 ], [ -58.5260212, -34.5270908 ], [ -58.5261916, -34.5271759 ], [ -58.5264034, -34.5272842 ] ] ] ] } },
{ "type": "Feature", "properties": { "id": 29, "Name": "cuadro 27 - Silva Matías LP 31409", "Cuadro": "27", "Nombre": "Silva Matías", "LP": "31409" }, "geometry": { "type": "MultiPolygon", "coordinates": [ [ [ [ -58.5279165, -34.5280484 ], [ -58.525634, -34.5269568 ], [ -58.5234453, -34.5299443 ], [ -58.5252263, -34.5308812 ], [ -58.5266103, -34.5302979 ], [ -58.5277046, -34.5300504 ], [ -58.5286273, -34.5299089 ], [ -58.528799, -34.5283356 ], [ -58.5279165, -34.5280484 ] ] ] ] } },
{ "type": "Feature", "properties": { "id": 30, "Name": "cuadro 28 - Evora Micaela LP 36670", "Cuadro": "28", "Nombre": "Evora Micaela", "LP": "36670" }, "geometry": { "type": "MultiPolygon", "coordinates": [ [ [ [ -58.5302662, -34.5302895 ], [ -58.5294401, -34.5299095 ], [ -58.5275679, -34.5301393 ], [ -58.5266828, -34.5303956 ], [ -58.526023, -34.5307027 ], [ -58.5256931, -34.5308607 ], [ -58.5254651, -34.5310275 ], [ -58.528673, -34.5325898 ], [ -58.5294803, -34.5314297 ], [ -58.5302662, -34.5302895 ] ] ] ] } },
{ "type": "Feature", "properties": { "id": 31, "Name": "cuadro 29 - De León Zoe LP 38674", "Cuadro": "29", "Nombre": "De León Zoe", "LP": "38674" }, "geometry": { "type": "MultiPolygon", "coordinates": [ [ [ [ -58.5308547, -34.5305877 ], [ -58.5303363, -34.5303266 ], [ -58.5287136, -34.5326093 ], [ -58.5306553, -34.5335095 ], [ -58.531618, -34.5337536 ], [ -58.5324442, -34.532361 ], [ -58.5325496, -34.5321471 ], [ -58.5323848, -34.5314893 ], [ -58.5322435, -34.5306655 ], [ -58.532146, -34.5300039 ], [ -58.5312706, -34.5301068 ], [ -58.531181, -34.5306975 ], [ -58.531181, -34.5307284 ], [ -58.5309888, -34.5306452 ], [ -58.5308547, -34.5305877 ] ] ] ] } },
{ "type": "Feature", "properties": { "id": 32, "Name": null, "Cuadro": "NA", "Nombre": "NA", "LP": "NA" }, "geometry": { "type": "MultiPolygon", "coordinates": [ [ [ [ -58.5359382, -34.5354744 ], [ -58.5345005, -34.5381082 ], [ -58.5347795, -34.5382496 ], [ -58.5352515, -34.5388859 ], [ -58.5363459, -34.5393455 ], [ -58.5372328, -34.5376546 ], [ -58.5380053, -34.537955 ], [ -58.5387241, -34.5365145 ], [ -58.5359382, -34.5354744 ] ] ] ] } },
{ "type": "Feature", "properties": { "id": 33, "Name": "cuadro 30 - Arce Blanca LP 21467", "Cuadro": "30", "Nombre": "Arce Blanca", "LP": "21467" }, "geometry": { "type": "MultiPolygon", "coordinates": [ [ [ [ -58.540151, -34.5370712 ], [ -58.5402252, -34.5369868 ], [ -58.5317977, -34.5338006 ], [ -58.5307248, -34.5335752 ], [ -58.5307087, -34.5336371 ], [ -58.5316636, -34.5338006 ], [ -58.540151, -34.5370712 ] ] ] ] } },
{ "type": "Feature", "properties": { "id": 34, "Name": "cuadro 31 - Herrera María LP 25376", "Cuadro": "31", "Nombre": "Herrera María", "LP": "25376" }, "geometry": { "type": "MultiPolygon", "coordinates": [ [ [ [ -58.5429197, -34.5386571 ], [ -58.5421365, -34.5393376 ], [ -58.5420786, -34.5392948 ], [ -58.5414152, -34.5399329 ], [ -58.5401201, -34.5411781 ], [ -58.5385289, -34.5403166 ], [ -58.5368895, -34.5430985 ], [ -58.5377145, -34.5440637 ], [ -58.540757, -34.5414317 ], [ -58.542673, -34.5397596 ], [ -58.5434521, -34.5390835 ], [ -58.5429197, -34.5386571 ] ] ], [ [ [ -58.5399965, -34.5377555 ], [ -58.5420786, -34.5392948 ], [ -58.5420795, -34.539294 ], [ -58.5428546, -34.5385914 ], [ -58.5423678, -34.5382368 ], [ -58.5415913, -34.5388676 ], [ -58.5415497, -34.5388201 ], [ -58.5423068, -34.5381953 ], [ -58.5417626, -34.5377548 ], [ -58.5409863, -34.5383697 ], [ -58.5409468, -34.5383325 ], [ -58.5416959, -34.5377032 ], [ -58.5414363, -34.5375084 ], [ -58.5410436, -34.537358 ], [ -58.5403806, -34.5379368 ], [ -58.5403334, -34.5378903 ], [ -58.5409964, -34.5373324 ], [ -58.5403613, -34.5371015 ], [ -58.5399965, -34.5377555 ] ] ] ] } },
{ "type": "Feature", "properties": { "id": 35, "Name": null, "Cuadro": "NA", "Nombre": "NA", "LP": "NA" }, "geometry": { "type": "MultiPolygon", "coordinates": [ [ [ [ -58.5420534, -34.5393156 ], [ -58.5399828, -34.5377778 ], [ -58.5385289, -34.5403166 ], [ -58.5401194, -34.5411495 ], [ -58.5420534, -34.5393156 ] ] ] ] } },
{ "type": "Feature", "properties": { "id": 36, "Name": "cuadro 33 - Coronel Walter LP 24606", "Cuadro": "33", "Nombre": "Coronel Walter", "LP": "24606" }, "geometry": { "type": "MultiPolygon", "coordinates": [ [ [ [ -58.5357925, -34.5353676 ], [ -58.5338532, -34.5346496 ], [ -58.5317718, -34.5385118 ], [ -58.5335635, -34.5395458 ], [ -58.5357925, -34.5353676 ] ] ] ] } },
{ "type": "Feature", "properties": { "id": 37, "Name": "cuadro 34 - Friurtz Mónica LP 34534", "Cuadro": "34", "Nombre": "Friurtz Mónica", "LP": "34534" }, "geometry": { "type": "MultiPolygon", "coordinates": [ [ [ [ -58.5338124, -34.5346149 ], [ -58.5316612, -34.5338283 ], [ -58.5306967, -34.5356098 ], [ -58.5298502, -34.5373647 ], [ -58.5317068, -34.538497 ], [ -58.5327717, -34.5365747 ], [ -58.5338124, -34.5346149 ] ] ] ] } },
{ "type": "Feature", "properties": { "id": 38, "Name": "cuadro 35 - Lucente Leonel LP 37995", "Cuadro": "35", "Nombre": "Lucente Leonel", "LP": "37995" }, "geometry": { "type": "MultiPolygon", "coordinates": [ [ [ [ -58.5380063, -34.5284664 ], [ -58.5333964, -34.5290738 ], [ -58.5334393, -34.5291976 ], [ -58.5361215, -34.5288617 ], [ -58.5367223, -34.5322027 ], [ -58.5368296, -34.5325916 ], [ -58.5364428, -34.533629 ], [ -58.536615, -34.5337229 ], [ -58.5369798, -34.5326911 ], [ -58.5374948, -34.5331219 ], [ -58.5376879, -34.5329805 ], [ -58.5370013, -34.5325032 ], [ -58.5362932, -34.5288087 ], [ -58.53816, -34.5285965 ], [ -58.5380063, -34.5284664 ] ] ] ] } },
{ "type": "Feature", "properties": { "id": 39, "Name": "NUÑE CESAR", "Cuadro": "NA", "Nombre": "NA", "LP": "NA" }, "geometry": { "type": "MultiPolygon", "coordinates": [ [ [ [ -58.5020104, -34.5364204 ], [ -58.5004153, -34.5383223 ], [ -58.501921, -34.5365406 ], [ -58.5020104, -34.5364204 ] ] ], [ [ [ -58.5231882, -34.5299821 ], [ -58.5232365, -34.52996 ], [ -58.5205525, -34.5286583 ], [ -58.5191823, -34.5280266 ], [ -58.5179631, -34.5273651 ], [ -58.5197313, -34.5249867 ], [ -58.5175373, -34.5238507 ], [ -58.5174246, -34.5237899 ], [ -58.5174942, -34.5237027 ], [ -58.5179125, -34.5231039 ], [ -58.5182268, -34.5226782 ], [ -58.5185518, -34.5222392 ], [ -58.519052, -34.5215721 ], [ -58.5195843, -34.5207868 ], [ -58.5186789, -34.5203379 ], [ -58.5177091, -34.5199156 ], [ -58.5157589, -34.5190444 ], [ -58.5131122, -34.5216063 ], [ -58.5093459, -34.5265522 ], [ -58.5073222, -34.5291251 ], [ -58.5059209, -34.5310704 ], [ -58.505092, -34.5325439 ], [ -58.5046711, -34.5331061 ], [ -58.5028437, -34.5357716 ], [ -58.5023806, -34.5363763 ], [ -58.5044888, -34.5374632 ], [ -58.5089886, -34.5395727 ], [ -58.5096512, -34.5399307 ], [ -58.5103389, -34.5390548 ], [ -58.5109483, -34.5382699 ], [ -58.5118689, -34.5377855 ], [ -58.5188851, -34.5411018 ], [ -58.5266478, -34.5450097 ], [ -58.5290308, -34.5423893 ], [ -58.5275364, -34.5416497 ], [ -58.5275847, -34.5415525 ], [ -58.5277052, -34.5413146 ], [ -58.5279249, -34.5408831 ], [ -58.5282277, -34.5403213 ], [ -58.528493, -34.5397374 ], [ -58.5288011, -34.5392153 ], [ -58.5291092, -34.5386447 ], [ -58.5293315, -34.5382618 ], [ -58.5296343, -34.5376049 ], [ -58.5298711, -34.5371442 ], [ -58.5301791, -34.5365919 ], [ -58.5305663, -34.5358816 ], [ -58.5308141, -34.535379 ], [ -58.531567, -34.5339149 ], [ -58.5307087, -34.5337078 ], [ -58.5294164, -34.5330384 ], [ -58.5285437, -34.5326288 ], [ -58.5265903, -34.5316668 ], [ -58.5251307, -34.5309405 ], [ -58.5236336, -34.5302078 ], [ -58.5231882, -34.5299821 ] ] ] ] } },
{ "type": "Feature", "properties": { "id": 40, "Name": "cuadro 1 - Ledesma Ricardo LP 37619", "Cuadro": "1", "Nombre": "Ledesma Ricardo", "LP": "37619" }, "geometry": { "type": "MultiPolygon", "coordinates": [ [ [ [ -58.531567, -34.5338442 ], [ -58.5307087, -34.5336371 ], [ -58.5285021, -34.5326183 ], [ -58.5271051, -34.5349556 ], [ -58.5301727, -34.5364934 ], [ -58.531567, -34.5338442 ] ] ] ] } },
{ "type": "Feature", "properties": { "id": 41, "Name": "cuadro 2 - Benítez Almada Abraham LP 38731", "Cuadro": "2", "Nombre": "Benítez Almada Abraham", "LP": "38731" }, "geometry": { "type": "MultiPolygon", "coordinates": [ [ [ [ -58.5284431, -34.532605 ], [ -58.5256904, -34.5312921 ], [ -58.5226219, -34.5327947 ], [ -58.5269564, -34.5350043 ], [ -58.5277802, -34.5338047 ], [ -58.5280956, -34.5331695 ], [ -58.5284431, -34.532605 ] ] ] ] } },
{ "type": "Feature", "properties": { "id": 42, "Name": "cuadro 3 - Basualdo Aimara                LP 38676", "Cuadro": "3", "Nombre": "Basualdo Aimara               ", "LP": "38676" }, "geometry": { "type": "MultiPolygon", "coordinates": [ [ [ [ -58.5247596, -34.5307471 ], [ -58.5207041, -34.528776 ], [ -58.5190733, -34.5309503 ], [ -58.5217341, -34.5323468 ], [ -58.5247596, -34.5307471 ] ] ] ] } },
{ "type": "Feature", "properties": { "id": 43, "Name": "cuadro 4 - Villareal Natali LP 39244", "Cuadro": "4", "Nombre": "Villareal Natali", "LP": "39244" }, "geometry": { "type": "MultiPolygon", "coordinates": [ [ [ [ -58.5206182, -34.5287318 ], [ -58.5193097, -34.528067 ], [ -58.518071, -34.5274419 ], [ -58.5163813, -34.5297179 ], [ -58.5189347, -34.530973 ], [ -58.5206182, -34.5287318 ] ] ] ] } },
{ "type": "Feature", "properties": { "id": 44, "Name": "cuadro 5 - Salvatierra Maykol LP 39372", "Cuadro": "5", "Nombre": "Salvatierra Maykol", "LP": "39372" }, "geometry": { "type": "MultiPolygon", "coordinates": [ [ [ [ -58.5196178, -34.5208426 ], [ -58.5187124, -34.5203938 ], [ -58.5177426, -34.5199714 ], [ -58.5157924, -34.5191002 ], [ -58.5131913, -34.521647 ], [ -58.5174935, -34.5237685 ], [ -58.5196178, -34.5208426 ] ] ] ] } },
{ "type": "Feature", "properties": { "id": 45, "Name": null, "Cuadro": "NA", "Nombre": "NA", "LP": "NA" }, "geometry": { "type": "MultiPolygon", "coordinates": [ [ [ [ -58.5145049, -34.5204197 ], [ -58.5133032, -34.5215865 ], [ -58.5147302, -34.5223291 ], [ -58.5157387, -34.5209854 ], [ -58.5145049, -34.5204197 ] ] ] ] } },
{ "type": "Feature", "properties": { "id": 46, "Name": "cuadro 6 - Lopez Jorge LP 21974 /González Maximiliano LP 39598", "Cuadro": "6", "Nombre": "Lopez Jorge", "LP": "21974" }, "geometry": { "type": "MultiPolygon", "coordinates": [ [ [ [ -58.519741, -34.5250106 ], [ -58.5184321, -34.5243122 ], [ -58.5132126, -34.5216074 ], [ -58.5131601, -34.5216962 ], [ -58.5174171, -34.5238886 ], [ -58.5169105, -34.5245838 ], [ -58.5159633, -34.5241184 ], [ -58.5149257, -34.5256843 ], [ -58.5114819, -34.5239379 ], [ -58.5114476, -34.5239763 ], [ -58.5181026, -34.5273094 ], [ -58.519741, -34.5250106 ] ] ] ] } },
{ "type": "Feature", "properties": { "id": 47, "Name": null, "Cuadro": "NA", "Nombre": "NA", "LP": "NA" }, "geometry": { "type": "MultiPolygon", "coordinates": [ [ [ [ -58.5173558, -34.5239032 ], [ -58.5131601, -34.5216962 ], [ -58.5115463, -34.5239335 ], [ -58.5131421, -34.5247227 ], [ -58.5149418, -34.5256136 ], [ -58.5154499, -34.5248306 ], [ -58.5159687, -34.524083 ], [ -58.5168569, -34.5245131 ], [ -58.5173558, -34.5239032 ] ] ] ] } },
{ "type": "Feature", "properties": { "id": 48, "Name": "cuadro 7 - Beligge Olga LP  38415 (Morales Pablo LP 36075)", "Cuadro": "7", "Nombre": "Beligge Olga", "LP": "38415" }, "geometry": { "type": "MultiPolygon", "coordinates": [ [ [ [ -58.5250611, -34.5309462 ], [ -58.5251898, -34.5309108 ], [ -58.5180503, -34.5273458 ], [ -58.518006, -34.5274093 ], [ -58.5250611, -34.5309462 ] ] ] ] } },
{ "type": "Feature", "properties": { "id": 49, "Name": "cuadro 8 - Gonzalez Nicolas LP 39168", "Cuadro": "8", "Nombre": "Gonzalez Nicolas", "LP": "39168" }, "geometry": { "type": "MultiPolygon", "coordinates": [ [ [ [ -58.5178438, -34.5273613 ], [ -58.5143715, -34.525617 ], [ -58.5127193, -34.5280345 ], [ -58.5161149, -34.5296697 ], [ -58.5178438, -34.5273613 ] ] ] ] } },
{ "type": "Feature", "properties": { "id": 50, "Name": "cuadro 9 - Lencina Ana María LP 37922", "Cuadro": "9", "Nombre": "Lencina Ana María", "LP": "37922" }, "geometry": { "type": "MultiPolygon", "coordinates": [ [ [ [ -58.5143132, -34.5254992 ], [ -58.5113897, -34.5240098 ], [ -58.509673, -34.5264097 ], [ -58.51272, -34.5278416 ], [ -58.5143132, -34.5254992 ] ] ] ] } },
{ "type": "Feature", "properties": { "id": 51, "Name": "cuadro 10 - Sanchez Alicia LP 34691", "Cuadro": "10", "Nombre": "Sanchez Alicia", "LP": "34691" }, "geometry": { "type": "MultiPolygon", "coordinates": [ [ [ [ -58.5301375, -34.5365947 ], [ -58.5270131, -34.5350483 ], [ -58.5253676, -34.5373455 ], [ -58.5288438, -34.5389937 ], [ -58.5291511, -34.538395 ], [ -58.5294906, -34.5377787 ], [ -58.5301375, -34.5365947 ] ] ] ] } },
{ "type": "Feature", "properties": { "id": 52, "Name": "cuadro 11 - Pavón Leandro LP 31504", "Cuadro": "11", "Nombre": "Pavón Leandro", "LP": "31504" }, "geometry": { "type": "MultiPolygon", "coordinates": [ [ [ [ -58.5237993, -34.5335372 ], [ -58.5217843, -34.5363752 ], [ -58.5248635, -34.5378688 ], [ -58.5268805, -34.5350357 ], [ -58.5237993, -34.5335372 ] ] ] ] } },
{ "type": "Feature", "properties": { "id": 53, "Name": "cuadro 12 - Lescano Yanet LP 39540", "Cuadro": "12", "Nombre": "Lescano Yanet", "LP": "39540" }, "geometry": { "type": "MultiPolygon", "coordinates": [ [ [ [ -58.5222617, -34.5327847 ], [ -58.519279, -34.5343049 ], [ -58.5211206, -34.5352395 ], [ -58.5206687, -34.5358656 ], [ -58.5216624, -34.5363443 ], [ -58.5236564, -34.5334829 ], [ -58.5222617, -34.5327847 ] ] ] ] } },
{ "type": "Feature", "properties": { "id": 54, "Name": "cuadro 13 - Toloza María Laura LP 24311", "Cuadro": "13", "Nombre": "Toloza María Laura", "LP": "24311" }, "geometry": { "type": "MultiPolygon", "coordinates": [ [ [ [ -58.5216679, -34.5324891 ], [ -58.5162713, -34.5298729 ], [ -58.5150482, -34.5306684 ], [ -58.5155847, -34.5309689 ], [ -58.5147478, -34.5321268 ], [ -58.5186745, -34.534027 ], [ -58.5216679, -34.5324891 ] ] ] ] } },
{ "type": "Feature", "properties": { "id": 55, "Name": "cuadro 14 - SALINAS MARINA LP 35551- ", "Cuadro": "14", "Nombre": "SALINAS MARINA", "LP": "35551- " }, "geometry": { "type": "MultiPolygon", "coordinates": [ [ [ [ -58.515964, -34.5296788 ], [ -58.513432, -34.5284502 ], [ -58.5126059, -34.5295639 ], [ -58.5110824, -34.5288391 ], [ -58.5103421, -34.5299174 ], [ -58.5134428, -34.5314377 ], [ -58.515964, -34.5296788 ] ] ] ] } },
{ "type": "Feature", "properties": { "id": 56, "Name": "cuadro 15 - Maidana Erica LP 25703", "Cuadro": "15", "Nombre": "Maidana Erica", "LP": "25703" }, "geometry": { "type": "MultiPolygon", "coordinates": [ [ [ [ -58.5133033, -34.5283795 ], [ -58.5095589, -34.5265763 ], [ -58.5079281, -34.5287507 ], [ -58.5102134, -34.5298114 ], [ -58.5110502, -34.5287065 ], [ -58.5125415, -34.5294401 ], [ -58.5133033, -34.5283795 ] ] ] ] } },
{ "type": "Feature", "properties": { "id": 57, "Name": "cuadro 16 - Oviedo Cirila Alejandra LP 23361 Fernandez Lourdes LP39600", "Cuadro": "16", "Nombre": "Oviedo Cirila Alejandra", "LP": "23361" }, "geometry": { "type": "MultiPolygon", "coordinates": [ [ [ [ -58.5287796, -34.5391446 ], [ -58.5252659, -34.5374742 ], [ -58.523678, -34.5397367 ], [ -58.5275149, -34.541579 ], [ -58.5284984, -34.5394947 ], [ -58.5287796, -34.5391446 ] ] ] ] } },
{ "type": "Feature", "properties": { "id": 58, "Name": "cuadro 17 - Caceres Ornella LP 37987", "Cuadro": "17", "Nombre": "Caceres Ornella", "LP": "37987" }, "geometry": { "type": "MultiPolygon", "coordinates": [ [ [ [ -58.524826, -34.5379337 ], [ -58.5206311, -34.5359098 ], [ -58.5194133, -34.5376156 ], [ -58.5235923, -34.5396793 ], [ -58.524826, -34.5379337 ] ] ] ] } },
{ "type": "Feature", "properties": { "id": 59, "Name": "cuadro 18 - Lopez Nadia LP 31116", "Cuadro": "18", "Nombre": "Lopez Nadia", "LP": "31116" }, "geometry": { "type": "MultiPolygon", "coordinates": [ [ [ [ -58.5209543, -34.5352509 ], [ -58.5191411, -34.534367 ], [ -58.5159976, -34.5358784 ], [ -58.5193771, -34.5375399 ], [ -58.5209543, -34.5352509 ] ] ] ] } },
{ "type": "Feature", "properties": { "id": 60, "Name": "cuadro 19 - VACÍO", "Cuadro": "19", "Nombre": "VACÍO", "LP": "NA" }, "geometry": { "type": "MultiPolygon", "coordinates": [ [ [ [ -58.5185856, -34.5340588 ], [ -58.5146911, -34.532185 ], [ -58.5131246, -34.5343769 ], [ -58.5155923, -34.535632 ], [ -58.5185856, -34.5340588 ] ] ] ] } },
{ "type": "Feature", "properties": { "id": 61, "Name": "cuadro 20 - Melgarejo J.Pablo LP 39242", "Cuadro": "20", "Nombre": "Melgarejo J.Pablo", "LP": "39242" }, "geometry": { "type": "MultiPolygon", "coordinates": [ [ [ [ -58.515388, -34.5309403 ], [ -58.5148652, -34.5306766 ], [ -58.5142041, -34.5311171 ], [ -58.5135108, -34.5315664 ], [ -58.5101581, -34.5330998 ], [ -58.5130495, -34.5343902 ], [ -58.515388, -34.5309403 ] ] ] ] } },
{ "type": "Feature", "properties": { "id": 62, "Name": "cuadro 21 - Castellanos Juan LP 37357", "Cuadro": "21", "Nombre": "Castellanos Juan", "LP": "37357" }, "geometry": { "type": "MultiPolygon", "coordinates": [ [ [ [ -58.5132926, -34.5315271 ], [ -58.5102348, -34.530082 ], [ -58.5086255, -34.5322563 ], [ -58.5076331, -34.5337853 ], [ -58.509237, -34.5345056 ], [ -58.510192, -34.5329523 ], [ -58.5132926, -34.5315271 ] ] ] ] } },
{ "type": "Feature", "properties": { "id": 63, "Name": "cuadro 22 - Gonzalez Miguel Angel LP 39559", "Cuadro": "22", "Nombre": "Gonzalez Miguel Angel", "LP": "39559" }, "geometry": { "type": "MultiPolygon", "coordinates": [ [ [ [ -58.5101168, -34.5299582 ], [ -58.5078852, -34.5288976 ], [ -58.5052675, -34.5325921 ], [ -58.5075205, -34.5336792 ], [ -58.5101168, -34.5299582 ] ] ] ] } },
{ "type": "Feature", "properties": { "id": 64, "Name": "cuadro 23 - Olivera Santiago LP 39550", "Cuadro": "23", "Nombre": "Olivera Santiago", "LP": "39550" }, "geometry": { "type": "MultiPolygon", "coordinates": [ [ [ [ -58.5289756, -34.5423759 ], [ -58.5239974, -34.540034 ], [ -58.5220448, -34.5426322 ], [ -58.5266582, -34.544974 ], [ -58.5289756, -34.5423759 ] ] ] ] } },
{ "type": "Feature", "properties": { "id": 65, "Name": "cuadro 24 - Arenales Sara LP 39400", "Cuadro": "24", "Nombre": "Arenales Sara", "LP": "39400" }, "geometry": { "type": "MultiPolygon", "coordinates": [ [ [ [ -58.5238497, -34.5399311 ], [ -58.5193772, -34.5377728 ], [ -58.5174675, -34.5403534 ], [ -58.5219307, -34.5425716 ], [ -58.5238497, -34.5399311 ] ] ] ] } },
{ "type": "Feature", "properties": { "id": 66, "Name": "cuadro 25 - Gómez Mauro LP 29184", "Cuadro": "25", "Nombre": "Gómez Mauro", "LP": "29184" }, "geometry": { "type": "MultiPolygon", "coordinates": [ [ [ [ -58.5192753, -34.5376716 ], [ -58.5156489, -34.5358952 ], [ -58.5137848, -34.5369447 ], [ -58.5122748, -34.5377556 ], [ -58.5173924, -34.5403004 ], [ -58.5192753, -34.5376716 ] ] ] ] } },
{ "type": "Feature", "properties": { "id": 67, "Name": "cuadro 26 - Gómez Jennifer LP 35835", "Cuadro": "26", "Nombre": "Gómez Jennifer", "LP": "35835" }, "geometry": { "type": "MultiPolygon", "coordinates": [ [ [ [ -58.5153807, -34.5357782 ], [ -58.5101773, -34.5331974 ], [ -58.5093404, -34.5345851 ], [ -58.5104052, -34.5350557 ], [ -58.51147, -34.5355971 ], [ -58.513589, -34.5366355 ], [ -58.5153807, -34.5357782 ] ] ] ] } },
{ "type": "Feature", "properties": { "id": 68, "Name": "cuadro 27 - Palacios Flavia LP 24366", "Cuadro": "27", "Nombre": "Palacios Flavia", "LP": "24366" }, "geometry": { "type": "MultiPolygon", "coordinates": [ [ [ [ -58.507558, -34.5337941 ], [ -58.505216, -34.5326655 ], [ -58.5048137, -34.5331471 ], [ -58.5042156, -34.5339491 ], [ -58.5037247, -34.5347512 ], [ -58.5080645, -34.5368061 ], [ -58.5092098, -34.5345723 ], [ -58.507558, -34.5337941 ] ] ] ] } },
{ "type": "Feature", "properties": { "id": 69, "Name": "cuadro 28 - Greco Claudia LP 26666", "Cuadro": "28", "Nombre": "Greco Claudia", "LP": "26666" }, "geometry": { "type": "MultiPolygon", "coordinates": [ [ [ [ -58.5119872, -34.5376625 ], [ -58.5041525, -34.53384 ], [ -58.5040237, -34.5340168 ], [ -58.5149243, -34.5392665 ], [ -58.5150221, -34.5391362 ], [ -58.5119872, -34.5376625 ] ] ] ] } },
{ "type": "Feature", "properties": { "id": 70, "Name": "cuadro 29 - Risso Marcelo LP 38073", "Cuadro": "29", "Nombre": "Risso Marcelo", "LP": "38073" }, "geometry": { "type": "MultiPolygon", "coordinates": [ [ [ [ -58.5134832, -34.5366066 ], [ -58.5113386, -34.5355804 ], [ -58.5103226, -34.5350961 ], [ -58.5093496, -34.5346294 ], [ -58.5082728, -34.5366907 ], [ -58.507772, -34.5377523 ], [ -58.5073033, -34.5388051 ], [ -58.5085532, -34.539353 ], [ -58.5091433, -34.5384792 ], [ -58.5097816, -34.5376185 ], [ -58.5108357, -34.5380936 ], [ -58.5110154, -34.5381223 ], [ -58.5114071, -34.5375766 ], [ -58.5134832, -34.5366066 ] ] ] ] } },
{ "type": "Feature", "properties": { "id": 71, "Name": "cuadro 30 - Del Bello Gastón LP 26352", "Cuadro": "30", "Nombre": "Del Bello Gastón", "LP": "26352" }, "geometry": { "type": "MultiPolygon", "coordinates": [ [ [ [ -58.508057, -34.5368673 ], [ -58.5036877, -34.5348169 ], [ -58.5030815, -34.5356367 ], [ -58.5025021, -34.5364873 ], [ -58.5071906, -34.5387586 ], [ -58.5076426, -34.5378019 ], [ -58.508057, -34.5368673 ] ] ] ] } },
{ "type": "Feature", "properties": { "id": 72, "Name": "cuadro 31 - Greco Garzón Axel LP 38977", "Cuadro": "31", "Nombre": "Greco Garzón Axel", "LP": "38977" }, "geometry": { "type": "MultiPolygon", "coordinates": [ [ [ [ -58.5154904, -34.5356762 ], [ -58.5062867, -34.5311249 ], [ -58.5062245, -34.531269 ], [ -58.5108454, -34.5335016 ], [ -58.5154183, -34.5357207 ], [ -58.5154904, -34.5356762 ] ] ] ] } },
{ "type": "Feature", "properties": { "id": 73, "Name": "cuadro 32 - Ariza Laura LP 30754", "Cuadro": "32", "Nombre": "Ariza Laura", "LP": "30754" }, "geometry": { "type": "MultiPolygon", "coordinates": [ [ [ [ -58.5178818, -34.5273443 ], [ -58.5178914, -34.5273493 ], [ -58.5197313, -34.5249867 ], [ -58.5178818, -34.5273443 ] ] ], [ [ [ -58.5178914, -34.5273493 ], [ -58.5161444, -34.5295924 ], [ -58.5160203, -34.5297031 ], [ -58.5134347, -34.5314742 ], [ -58.5135001, -34.5315487 ], [ -58.5161372, -34.5298375 ], [ -58.5162874, -34.5296936 ], [ -58.5171282, -34.5285412 ], [ -58.5175674, -34.5279739 ], [ -58.518006, -34.5274093 ], [ -58.5178914, -34.5273493 ] ] ] ] } },
{ "type": "Feature", "properties": { "id": 74, "Name": "cuadro 33 - VACÍO", "Cuadro": "33", "Nombre": "VACÍO", "LP": "NA" }, "geometry": { "type": "MultiPolygon", "coordinates": [ [ [ [ -58.5134115, -34.5315839 ], [ -58.5132926, -34.5315271 ], [ -58.510192, -34.5329523 ], [ -58.5085406, -34.5359235 ], [ -58.5071906, -34.5387586 ], [ -58.5073033, -34.5388051 ], [ -58.5091736, -34.5349866 ], [ -58.5102184, -34.5330499 ], [ -58.5119403, -34.5322677 ], [ -58.5134115, -34.5315839 ] ] ] ] } },
{ "type": "Feature", "properties": { "id": 75, "Name": "cuadro 34 - VACÍO", "Cuadro": "34", "Nombre": "VACÍO", "LP": "NA" }, "geometry": { "type": "MultiPolygon", "coordinates": [ [ [ [ -58.5186745, -34.534027 ], [ -58.5079281, -34.5287507 ], [ -58.5078852, -34.5288976 ], [ -58.5185856, -34.5340765 ], [ -58.5186745, -34.534027 ] ] ] ] } },
{ "type": "Feature", "properties": { "id": 76, "Name": "BEKER MIGUEL", "Cuadro": "NA", "Nombre": "NA", "LP": "NA" }, "geometry": { "type": "MultiPolygon", "coordinates": [ [ [ [ -58.5266221, -34.5450168 ], [ -58.5209893, -34.542187 ], [ -58.5153568, -34.539463 ], [ -58.5143594, -34.5389555 ], [ -58.5119036, -34.5378208 ], [ -58.5109831, -34.5383052 ], [ -58.5092072, -34.5392264 ], [ -58.5086572, -34.5395135 ], [ -58.5084077, -34.5393941 ], [ -58.5071834, -34.5388447 ], [ -58.5058571, -34.5382068 ], [ -58.5035776, -34.5370869 ], [ -58.5023443, -34.5365292 ], [ -58.5004438, -34.5391664 ], [ -58.4992483, -34.5407377 ], [ -58.4979669, -34.5418141 ], [ -58.4965935, -34.5432635 ], [ -58.4962374, -34.5438613 ], [ -58.4960101, -34.5444591 ], [ -58.4958183, -34.545089 ], [ -58.4957338, -34.5458249 ], [ -58.4954562, -34.5463664 ], [ -58.4954361, -34.5470139 ], [ -58.5001556, -34.5492726 ], [ -58.500735, -34.5495908 ], [ -58.5011427, -34.5502447 ], [ -58.5020009, -34.5525598 ], [ -58.5025159, -34.5538499 ], [ -58.5041896, -34.5569955 ], [ -58.505531, -34.5550871 ], [ -58.5073015, -34.5526485 ], [ -58.5190216, -34.5580609 ], [ -58.5202168, -34.5563322 ], [ -58.5215406, -34.5546565 ], [ -58.5241452, -34.5511284 ], [ -58.5245326, -34.5504749 ], [ -58.5247263, -34.5501305 ], [ -58.5248503, -34.5497839 ], [ -58.5249984, -34.5493676 ], [ -58.5251358, -34.5489492 ], [ -58.5254159, -34.5481256 ], [ -58.5266221, -34.5450168 ] ] ] ] } },
{ "type": "Feature", "properties": { "id": 77, "Name": "cuadro 1 - Ruiz Diaz Alicia - LP 26912", "Cuadro": "1", "Nombre": "Ruiz Diaz Alicia -", "LP": "26912" }, "geometry": { "type": "MultiPolygon", "coordinates": [ [ [ [ -58.5266062, -34.5449992 ], [ -58.5208738, -34.542288 ], [ -58.5192644, -34.5444089 ], [ -58.5224059, -34.5459289 ], [ -58.5238972, -34.5437859 ], [ -58.5265579, -34.5450319 ], [ -58.5256041, -34.5473741 ], [ -58.5225078, -34.5459289 ], [ -58.5224756, -34.5459731 ], [ -58.5256352, -34.5474577 ], [ -58.5266062, -34.5449992 ] ] ] ] } },
{ "type": "Feature", "properties": { "id": 78, "Name": null, "Cuadro": "NA", "Nombre": "NA", "LP": "NA" }, "geometry": { "type": "MultiPolygon", "coordinates": [ [ [ [ -58.5265955, -34.5450566 ], [ -58.5239304, -34.5437597 ], [ -58.5224498, -34.5458983 ], [ -58.5256041, -34.5473741 ], [ -58.5265955, -34.5450566 ] ] ] ] } },
{ "type": "Feature", "properties": { "id": 79, "Name": "cuadro 2 - Peralta Valeria LP 24533", "Cuadro": "2", "Nombre": "Peralta Valeria", "LP": "24533" }, "geometry": { "type": "MultiPolygon", "coordinates": [ [ [ [ -58.5207627, -34.5421572 ], [ -58.5149907, -34.5393071 ], [ -58.5138748, -34.5408493 ], [ -58.5173617, -34.5425107 ], [ -58.5174368, -34.5424311 ], [ -58.5197113, -34.5435446 ], [ -58.5207627, -34.5421572 ] ] ] ] } },
{ "type": "Feature", "properties": { "id": 80, "Name": null, "Cuadro": "NA", "Nombre": "NA", "LP": "NA" }, "geometry": { "type": "MultiPolygon", "coordinates": [ [ [ [ -58.517179, -34.5424537 ], [ -58.5150359, -34.5414374 ], [ -58.5138826, -34.543143 ], [ -58.5143801, -34.5433783 ], [ -58.5144539, -34.5434457 ], [ -58.5150359, -34.5436953 ], [ -58.5161785, -34.5442565 ], [ -58.516841, -34.5434125 ], [ -58.5168464, -34.5432866 ], [ -58.5169939, -34.5430546 ], [ -58.5168223, -34.5429751 ], [ -58.517179, -34.5424537 ] ] ] ] } },
{ "type": "Feature", "properties": { "id": 81, "Name": "cuadro 3 -Greco Rodolfo LP 36897", "Cuadro": "3", "Nombre": "Greco Rodolfo", "LP": "36897" }, "geometry": { "type": "MultiPolygon", "coordinates": [ [ [ [ -58.5148852, -34.5393398 ], [ -58.5118689, -34.5378562 ], [ -58.5110503, -34.5383225 ], [ -58.5108449, -34.5384231 ], [ -58.5104609, -34.538846 ], [ -58.5101306, -34.5392953 ], [ -58.5096286, -34.5398508 ], [ -58.5087297, -34.5395666 ], [ -58.5132866, -34.5416729 ], [ -58.5148852, -34.5393398 ] ] ] ] } },
{ "type": "Feature", "properties": { "id": 82, "Name": "cuadro 4 - Sena Sena Catalino LP 21481", "Cuadro": "4", "Nombre": "Sena Sena Catalino", "LP": "21481" }, "geometry": { "type": "MultiPolygon", "coordinates": [ [ [ [ -58.5255446, -34.5475845 ], [ -58.5220578, -34.5459232 ], [ -58.5217037, -34.5465064 ], [ -58.5214462, -34.5466478 ], [ -58.5211887, -34.5467008 ], [ -58.5208454, -34.5468422 ], [ -58.52003, -34.5472134 ], [ -58.5196974, -34.547452 ], [ -58.519397, -34.5478938 ], [ -58.5245683, -34.5503239 ], [ -58.5255446, -34.5475845 ] ] ] ] } },
{ "type": "Feature", "properties": { "id": 83, "Name": "cuadro 5 - Arce Andrea LP 23335", "Cuadro": "5", "Nombre": "Arce Andrea", "LP": "23335" }, "geometry": { "type": "MultiPolygon", "coordinates": [ [ [ [ -58.5219719, -34.5458949 ], [ -58.5191502, -34.5445075 ], [ -58.5174122, -34.5469907 ], [ -58.5193005, -34.5478479 ], [ -58.519676, -34.5473707 ], [ -58.5200622, -34.5471321 ], [ -58.5207488, -34.5468051 ], [ -58.5213389, -34.5465842 ], [ -58.5216286, -34.5464428 ], [ -58.5219719, -34.5458949 ] ] ] ] } },
{ "type": "Feature", "properties": { "id": 84, "Name": "cuadro 6 - Recabarren Noemí LP 21479", "Cuadro": "6", "Nombre": "Recabarren Noemí", "LP": "21479" }, "geometry": { "type": "MultiPolygon", "coordinates": [ [ [ [ -58.5196676, -34.5436112 ], [ -58.5185974, -34.5430544 ], [ -58.517495, -34.5425241 ], [ -58.5151346, -34.5458779 ], [ -58.517334, -34.5469471 ], [ -58.5196676, -34.5436112 ] ] ] ] } },
{ "type": "Feature", "properties": { "id": 85, "Name": "cuadro 7 - Acosta Aldana LP 35783", "Cuadro": "7", "Nombre": "Acosta Aldana", "LP": "35783" }, "geometry": { "type": "MultiPolygon", "coordinates": [ [ [ [ -58.5161785, -34.5442565 ], [ -58.5138451, -34.5431718 ], [ -58.5149864, -34.5414 ], [ -58.5138754, -34.5408709 ], [ -58.5132823, -34.5417629 ], [ -58.5120857, -34.5411813 ], [ -58.5103583, -34.5437176 ], [ -58.5149932, -34.5458209 ], [ -58.5161785, -34.5442565 ] ] ] ] } },
{ "type": "Feature", "properties": { "id": 86, "Name": "cuadro 8 - Vazquez María Julieta LP 21485", "Cuadro": "8", "Nombre": "Vazquez María Julieta", "LP": "21485" }, "geometry": { "type": "MultiPolygon", "coordinates": [ [ [ [ -58.5119881, -34.5411232 ], [ -58.5086359, -34.5395577 ], [ -58.5072567, -34.5389403 ], [ -58.50657, -34.5404251 ], [ -58.5053148, -34.5411939 ], [ -58.5102286, -34.5435977 ], [ -58.5119881, -34.5411232 ] ] ] ] } },
{ "type": "Feature", "properties": { "id": 87, "Name": "cuadro 9 - Diaz Pereyra Jeremías LP 38873", "Cuadro": "9", "Nombre": "Diaz Pereyra Jeremías", "LP": "38873" }, "geometry": { "type": "MultiPolygon", "coordinates": [ [ [ [ -58.507122, -34.5388692 ], [ -58.5024174, -34.5366111 ], [ -58.5006793, -34.5390636 ], [ -58.5049655, -34.5410587 ], [ -58.5065051, -34.5401771 ], [ -58.507122, -34.5388692 ] ] ] ] } },
{ "type": "Feature", "properties": { "id": 88, "Name": "cuadro 10 - Mationdakio Erika LP 21477", "Cuadro": "10", "Nombre": "Mationdakio Erika", "LP": "21477" }, "geometry": { "type": "MultiPolygon", "coordinates": [ [ [ [ -58.5244979, -34.5504396 ], [ -58.5210534, -34.5488199 ], [ -58.5193582, -34.5514355 ], [ -58.5227486, -34.5529907 ], [ -58.5244979, -34.5504396 ] ] ] ] } },
{ "type": "Feature", "properties": { "id": 89, "Name": "cuadro 11 - Arce Celeste LP 25380", "Cuadro": "11", "Nombre": "Arce Celeste", "LP": "25380" }, "geometry": { "type": "MultiPolygon", "coordinates": [ [ [ [ -58.5209032, -34.5488022 ], [ -58.5172768, -34.5470879 ], [ -58.515925, -34.5490673 ], [ -58.5196157, -34.5507993 ], [ -58.5209032, -34.5488022 ] ] ] ] } },
{ "type": "Feature", "properties": { "id": 90, "Name": "cuadro 12 - Palleta Yanina LP 38556", "Cuadro": "12", "Nombre": "Palleta Yanina", "LP": "38556" }, "geometry": { "type": "MultiPolygon", "coordinates": [ [ [ [ -58.5172017, -34.5470437 ], [ -58.5135969, -34.5453205 ], [ -58.5126849, -34.5481837 ], [ -58.5133716, -34.5485283 ], [ -58.5144122, -34.5487227 ], [ -58.515807, -34.5490143 ], [ -58.5172017, -34.5470437 ] ] ] ] } },
{ "type": "Feature", "properties": { "id": 91, "Name": "cuadro 13 - Roa Tatiana LP 25351", "Cuadro": "13", "Nombre": "Roa Tatiana", "LP": "25351" }, "geometry": { "type": "MultiPolygon", "coordinates": [ [ [ [ -58.5135039, -34.5452851 ], [ -58.5103496, -34.5438182 ], [ -58.5096415, -34.5467521 ], [ -58.5125919, -34.548113 ], [ -58.5135039, -34.5452851 ] ] ] ] } },
{ "type": "Feature", "properties": { "id": 92, "Name": "cuadro 14 - Ojeda Aldana LP 39622", "Cuadro": "14", "Nombre": "Ojeda Aldana", "LP": "39622" }, "geometry": { "type": "MultiPolygon", "coordinates": [ [ [ [ -58.5102279, -34.543785 ], [ -58.5090263, -34.5432194 ], [ -58.5087141, -34.5437419 ], [ -58.5084933, -34.5441529 ], [ -58.5084173, -34.5442319 ], [ -58.5085237, -34.5443462 ], [ -58.5093247, -34.5440522 ], [ -58.5093081, -34.5441986 ], [ -58.5085261, -34.5444252 ], [ -58.5084248, -34.5446092 ], [ -58.5089672, -34.5455355 ], [ -58.5089267, -34.5456352 ], [ -58.5082878, -34.5447476 ], [ -58.50814, -34.5447633 ], [ -58.507488, -34.5458218 ], [ -58.5095667, -34.5467674 ], [ -58.5102279, -34.543785 ] ] ] ] } },
{ "type": "Feature", "properties": { "id": 93, "Name": "cuadro 15 - Lorenzi Lucas LP 39340", "Cuadro": "15", "Nombre": "Lorenzi Lucas", "LP": "39340" }, "geometry": { "type": "MultiPolygon", "coordinates": [ [ [ [ -58.5089619, -34.5431841 ], [ -58.5066954, -34.5420596 ], [ -58.5043136, -34.5444103 ], [ -58.5073928, -34.5458243 ], [ -58.5077991, -34.5452292 ], [ -58.5081588, -34.5446436 ], [ -58.5083039, -34.5446324 ], [ -58.5089374, -34.5455821 ], [ -58.5089779, -34.5455178 ], [ -58.5084355, -34.5445915 ], [ -58.5085368, -34.5444075 ], [ -58.5087883, -34.5443207 ], [ -58.5089623, -34.5442624 ], [ -58.5093188, -34.5441809 ], [ -58.5093354, -34.5440346 ], [ -58.5084593, -34.5443374 ], [ -58.5083324, -34.544206 ], [ -58.5086346, -34.5437211 ], [ -58.5088144, -34.5434084 ], [ -58.5089619, -34.5431841 ] ] ] ] } },
{ "type": "Feature", "properties": { "id": 94, "Name": "cuadro 16 - González Agustina LP 26312", "Cuadro": "16", "Nombre": "González Agustina", "LP": "26312" }, "geometry": { "type": "MultiPolygon", "coordinates": [ [ [ [ -58.505067, -34.5412547 ], [ -58.5017666, -34.5430211 ], [ -58.5020328, -34.5432581 ], [ -58.5026638, -34.5435658 ], [ -58.5042002, -34.5443238 ], [ -58.5047291, -34.5437999 ], [ -58.5050242, -34.5435524 ], [ -58.5052655, -34.5432564 ], [ -58.5065852, -34.5419706 ], [ -58.505067, -34.5412547 ] ] ] ] } },
{ "type": "Feature", "properties": { "id": 95, "Name": "cuadro 17 - Barreto Ezequiel LP 29115", "Cuadro": "17", "Nombre": "Barreto Ezequiel", "LP": "29115" }, "geometry": { "type": "MultiPolygon", "coordinates": [ [ [ [ -58.5048395, -34.5411482 ], [ -58.5005056, -34.5391234 ], [ -58.4992352, -34.5408206 ], [ -58.5022393, -34.5422346 ], [ -58.5024164, -34.5423407 ], [ -58.5025505, -34.5422921 ], [ -58.5032264, -34.5419695 ], [ -58.5037145, -34.5417353 ], [ -58.5048395, -34.5411482 ] ] ] ] } },
{ "type": "Feature", "properties": { "id": 96, "Name": "cuadro 18 - Ledesma Lara LP 35590", "Cuadro": "18", "Nombre": "Ledesma Lara", "LP": "35590" }, "geometry": { "type": "MultiPolygon", "coordinates": [ [ [ [ -58.5226022, -34.55309 ], [ -58.5185467, -34.5512344 ], [ -58.5169374, -34.5536732 ], [ -58.5207569, -34.5556348 ], [ -58.5226022, -34.55309 ] ] ] ] } },
{ "type": "Feature", "properties": { "id": 97, "Name": "cuadro 19 - Morales Anabela LP 38730", "Cuadro": "19", "Nombre": "Morales Anabela", "LP": "38730" }, "geometry": { "type": "MultiPolygon", "coordinates": [ [ [ [ -58.5195124, -34.550903 ], [ -58.5158753, -34.549171 ], [ -58.5138261, -34.5522373 ], [ -58.5167443, -34.5536158 ], [ -58.518418, -34.5511239 ], [ -58.5192187, -34.5513736 ], [ -58.5195124, -34.550903 ] ] ] ] } },
{ "type": "Feature", "properties": { "id": 98, "Name": "cuadro 20 - Rolon Barbara LP 37492", "Cuadro": "20", "Nombre": "Rolon Barbara", "LP": "37492" }, "geometry": { "type": "MultiPolygon", "coordinates": [ [ [ [ -58.5157412, -34.5491224 ], [ -58.5133701, -34.5486055 ], [ -58.511691, -34.5513006 ], [ -58.513751, -34.5522019 ], [ -58.5157412, -34.5491224 ] ] ] ] } },
{ "type": "Feature", "properties": { "id": 99, "Name": "cuadro 21 - VACÍO", "Cuadro": "21", "Nombre": "VACÍO", "LP": "NA" }, "geometry": { "type": "MultiPolygon", "coordinates": [ [ [ [ -58.5132843, -34.548601 ], [ -58.5125654, -34.5482122 ], [ -58.5105377, -34.5472402 ], [ -58.5104196, -34.5474523 ], [ -58.5087889, -34.5499531 ], [ -58.511632, -34.5512255 ], [ -58.5132843, -34.548601 ] ] ] ] } },
{ "type": "Feature", "properties": { "id": 100, "Name": "cuadro 22 - Coria Walter LP 30356", "Cuadro": "22", "Nombre": "Coria Walter", "LP": "30356" }, "geometry": { "type": "MultiPolygon", "coordinates": [ [ [ [ -58.5104357, -34.5471827 ], [ -58.5095345, -34.5467586 ], [ -58.5090678, -34.5466216 ], [ -58.5074236, -34.545919 ], [ -58.5057285, -34.5485524 ], [ -58.5087111, -34.5498956 ], [ -58.5104357, -34.5471827 ] ] ] ] } },
{ "type": "Feature", "properties": { "id": 101, "Name": "cuadro 23 - Goncalves Keila LP 36665", "Cuadro": "23", "Nombre": "Goncalves Keila", "LP": "36665" }, "geometry": { "type": "MultiPolygon", "coordinates": [ [ [ [ -58.5073271, -34.5458837 ], [ -58.5041787, -34.5444387 ], [ -58.5024299, -34.5470809 ], [ -58.5056003, -34.5485037 ], [ -58.5073271, -34.5458837 ] ] ] ] } },
{ "type": "Feature", "properties": { "id": 102, "Name": "cuadro 24 - Robledo Maitena LP 38661", "Cuadro": "24", "Nombre": "Robledo Maitena", "LP": "38661" }, "geometry": { "type": "MultiPolygon", "coordinates": [ [ [ [ -58.5040906, -34.544378 ], [ -58.5033477, -34.5440226 ], [ -58.5024613, -34.5436108 ], [ -58.5014233, -34.5430741 ], [ -58.5000781, -34.5436534 ], [ -58.4983883, -34.5442013 ], [ -58.4966555, -34.5445371 ], [ -58.5023525, -34.5469673 ], [ -58.5040906, -34.544378 ] ] ] ] } },
{ "type": "Feature", "properties": { "id": 103, "Name": "cuadro 25 - Barreto Cristian LP 39115", "Cuadro": "25", "Nombre": "Barreto Cristian", "LP": "39115" }, "geometry": { "type": "MultiPolygon", "coordinates": [ [ [ [ -58.4990904, -34.5409034 ], [ -58.4986948, -34.5413807 ], [ -58.4985661, -34.5413675 ], [ -58.4984803, -34.5413984 ], [ -58.4983998, -34.5414602 ], [ -58.4982282, -34.5416038 ], [ -58.4977722, -34.5420082 ], [ -58.4973913, -34.5424457 ], [ -58.4970292, -34.5429118 ], [ -58.4966939, -34.5434045 ], [ -58.4964498, -34.5437425 ], [ -58.4962325, -34.5441689 ], [ -58.4962648, -34.5442573 ], [ -58.4963238, -34.5443059 ], [ -58.4964244, -34.5443236 ], [ -58.4965249, -34.5443148 ], [ -58.4968012, -34.5442838 ], [ -58.4972733, -34.543652 ], [ -58.4978794, -34.5439171 ], [ -58.4981798, -34.5439215 ], [ -58.4986465, -34.5436917 ], [ -58.4992527, -34.5433691 ], [ -58.4995478, -34.5434841 ], [ -58.5008835, -34.5429317 ], [ -58.5012054, -34.5430643 ], [ -58.5012698, -34.5430333 ], [ -58.5011062, -34.5429516 ], [ -58.5016774, -34.5421805 ], [ -58.5021442, -34.5423904 ], [ -58.5022783, -34.5423948 ], [ -58.4991883, -34.5409433 ], [ -58.4990904, -34.5409034 ] ] ] ] } },
{ "type": "Feature", "properties": { "id": 104, "Name": "cuadro 26 - Campos Sergio LP 24809", "Cuadro": "26", "Nombre": "Campos Sergio", "LP": "24809" }, "geometry": { "type": "MultiPolygon", "coordinates": [ [ [ [ -58.5205822, -34.5557408 ], [ -58.5164838, -34.5536113 ], [ -58.5148423, -34.5560766 ], [ -58.5190802, -34.5578968 ], [ -58.5205822, -34.5557408 ] ] ] ] } },
{ "type": "Feature", "properties": { "id": 105, "Name": "cuadro 27 - Nuñez Leonardo LP 37504", "Cuadro": "27", "Nombre": "Nuñez Leonardo", "LP": "37504" }, "geometry": { "type": "MultiPolygon", "coordinates": [ [ [ [ -58.5163794, -34.5535675 ], [ -58.5121093, -34.5516058 ], [ -58.510457, -34.5541065 ], [ -58.51477, -34.5560593 ], [ -58.5163794, -34.5535675 ] ] ] ] } },
{ "type": "Feature", "properties": { "id": 106, "Name": "cuadro 28 - Almirón Claudia LP 39121", "Cuadro": "28", "Nombre": "Almirón Claudia", "LP": "39121" }, "geometry": { "type": "MultiPolygon", "coordinates": [ [ [ [ -58.512002, -34.5515616 ], [ -58.5077963, -34.5496883 ], [ -58.5062084, -34.5520565 ], [ -58.5103497, -34.5540446 ], [ -58.512002, -34.5515616 ] ] ] ] } },
{ "type": "Feature", "properties": { "id": 107, "Name": "cuadro 29 - Martínez Agostina LP 36621", "Cuadro": "29", "Nombre": "Martínez Agostina", "LP": "36621" }, "geometry": { "type": "MultiPolygon", "coordinates": [ [ [ [ -58.5076783, -34.5496441 ], [ -58.5034404, -34.5476691 ], [ -58.5018257, -34.5500462 ], [ -58.5061055, -34.5519998 ], [ -58.5076783, -34.5496441 ] ] ] ] } },
{ "type": "Feature", "properties": { "id": 108, "Name": "cuadro 30 -Lencina Javier LP 39552", "Cuadro": "30", "Nombre": "Lencina Javier", "LP": "39552" }, "geometry": { "type": "MultiPolygon", "coordinates": [ [ [ [ -58.4992462, -34.5488161 ], [ -58.4992493, -34.5488115 ], [ -58.4976986, -34.5480672 ], [ -58.4992462, -34.5488161 ] ] ], [ [ [ -58.4992493, -34.5488115 ], [ -58.50081, -34.5495606 ], [ -58.5017756, -34.5500113 ], [ -58.5033956, -34.5476166 ], [ -58.4995547, -34.5459022 ], [ -58.4989861, -34.5467682 ], [ -58.4986535, -34.5466622 ], [ -58.4982324, -34.5473006 ], [ -58.4997639, -34.5480451 ], [ -58.4992493, -34.5488115 ] ] ] ] } },
{ "type": "Feature", "properties": { "id": 109, "Name": "cuadro 31 - More Mariel LP 25371", "Cuadro": "31", "Nombre": "More Mariel", "LP": "25371" }, "geometry": { "type": "MultiPolygon", "coordinates": [ [ [ [ -58.4994153, -34.5458895 ], [ -58.4969691, -34.544723 ], [ -58.4965936, -34.5447407 ], [ -58.4955207, -34.5463844 ], [ -58.4954778, -34.5467644 ], [ -58.4955636, -34.5470472 ], [ -58.497527, -34.5479927 ], [ -58.499147, -34.5487482 ], [ -58.4996298, -34.5480369 ], [ -58.4980527, -34.5473255 ], [ -58.4985784, -34.5465788 ], [ -58.498911, -34.5466319 ], [ -58.4994153, -34.5458895 ] ] ] ] } },
{ "type": "Feature", "properties": { "id": 110, "Name": "cuadro 32 - Lopez Luis LP 24072", "Cuadro": "32", "Nombre": "Lopez Luis", "LP": "24072" }, "geometry": { "type": "MultiPolygon", "coordinates": [ [ [ [ -58.5071276, -34.5525937 ], [ -58.5052178, -34.5517012 ], [ -58.5031686, -34.5548071 ], [ -58.5041771, -34.5569012 ], [ -58.5071276, -34.5525937 ] ] ] ] } },
{ "type": "Feature", "properties": { "id": 111, "Name": "cuadro 33 - Arriola Isabel LP 21466", "Cuadro": "33", "Nombre": "Arriola Isabel", "LP": "21466" }, "geometry": { "type": "MultiPolygon", "coordinates": [ [ [ [ -58.5051721, -34.5516525 ], [ -58.5010255, -34.5497262 ], [ -58.500827, -34.5497781 ], [ -58.5009718, -34.5499625 ], [ -58.5021358, -34.5525671 ], [ -58.5031551, -34.5547453 ], [ -58.5051721, -34.5516525 ] ] ] ] } },
{ "type": "Feature", "properties": { "id": 112, "Name": "REYES", "Cuadro": "NA", "Nombre": "NA", "LP": "NA" }, "geometry": { "type": "MultiPolygon", "coordinates": [ [ [ [ -58.5358171, -34.5174925 ], [ -58.5333493, -34.5157421 ], [ -58.5320886, -34.5148892 ], [ -58.5308388, -34.5141951 ], [ -58.5313323, -34.5131784 ], [ -58.5212961, -34.5084842 ], [ -58.512323, -34.5044569 ], [ -58.5108592, -34.5066741 ], [ -58.5105379, -34.5065218 ], [ -58.5054716, -34.5141958 ], [ -58.5057493, -34.5144303 ], [ -58.5046704, -34.5159046 ], [ -58.5036826, -34.5172374 ], [ -58.5047235, -34.5177591 ], [ -58.5061182, -34.5184884 ], [ -58.5070352, -34.5189772 ], [ -58.5089009, -34.5199438 ], [ -58.5095429, -34.5202662 ], [ -58.5098747, -34.5204273 ], [ -58.5102387, -34.5206106 ], [ -58.5107502, -34.5208712 ], [ -58.5112831, -34.5211627 ], [ -58.5115229, -34.5213083 ], [ -58.5114872, -34.5213798 ], [ -58.5117091, -34.5215132 ], [ -58.5118557, -34.5215651 ], [ -58.5124395, -34.5209986 ], [ -58.5136801, -34.5196461 ], [ -58.5147831, -34.5184969 ], [ -58.5153239, -34.5187444 ], [ -58.515854, -34.5189743 ], [ -58.5179079, -34.5198831 ], [ -58.518967, -34.5203375 ], [ -58.5199082, -34.5207874 ], [ -58.5188722, -34.5223724 ], [ -58.5177289, -34.523838 ], [ -58.518885, -34.5244542 ], [ -58.5194791, -34.524734 ], [ -58.5199981, -34.5250005 ], [ -58.5182031, -34.527379 ], [ -58.5183857, -34.5274867 ], [ -58.5234338, -34.5298424 ], [ -58.5249953, -34.5276725 ], [ -58.525798, -34.5267945 ], [ -58.5266329, -34.5257574 ], [ -58.5277945, -34.5242644 ], [ -58.5291548, -34.5225945 ], [ -58.5306664, -34.5212918 ], [ -58.5324088, -34.5199889 ], [ -58.533208, -34.5193778 ], [ -58.5342015, -34.519091 ], [ -58.5358171, -34.5174925 ] ] ] ] } },
{ "type": "Feature", "properties": { "id": 113, "Name": "cuadro 1 - VACIO", "Cuadro": "1", "Nombre": "VACIO", "LP": "NA" }, "geometry": { "type": "MultiPolygon", "coordinates": [ [ [ [ -58.5356863, -34.5174905 ], [ -58.5335298, -34.5159921 ], [ -58.5307242, -34.5187458 ], [ -58.5323633, -34.519938 ], [ -58.5330846, -34.5194176 ], [ -58.5340099, -34.519137 ], [ -58.5356863, -34.5174905 ] ] ] ] } },
{ "type": "Feature", "properties": { "id": 114, "Name": "cuadro 2 - Memenza Rita LP 39533", "Cuadro": "2", "Nombre": "Memenza Rita", "LP": "39533" }, "geometry": { "type": "MultiPolygon", "coordinates": [ [ [ [ -58.5334414, -34.5159557 ], [ -58.5305661, -34.5141169 ], [ -58.5301584, -34.5147092 ], [ -58.528474, -34.51638 ], [ -58.5275084, -34.517264 ], [ -58.5306197, -34.5186784 ], [ -58.5334414, -34.5159557 ] ] ] ] } },
{ "type": "Feature", "properties": { "id": 115, "Name": "cuadro 3 - Roldán Luis Alberto LP 36437", "Cuadro": "3", "Nombre": "Roldán Luis Alberto", "LP": "36437" }, "geometry": { "type": "MultiPolygon", "coordinates": [ [ [ [ -58.5310811, -34.5131164 ], [ -58.5289889, -34.5121263 ], [ -58.5270792, -34.5147696 ], [ -58.5289782, -34.5155741 ], [ -58.5304159, -34.5141154 ], [ -58.5310811, -34.5131164 ] ] ] ] } },
{ "type": "Feature", "properties": { "id": 116, "Name": "cuadro 4 - Pacheco Mirta LP 21469", "Cuadro": "4", "Nombre": "Pacheco Mirta", "LP": "21469" }, "geometry": { "type": "MultiPolygon", "coordinates": [ [ [ [ -58.5288602, -34.5120821 ], [ -58.5262531, -34.5108709 ], [ -58.5252768, -34.5113395 ], [ -58.5247081, -34.5117196 ], [ -58.5243004, -34.5121617 ], [ -58.5241932, -34.5127098 ], [ -58.5255235, -34.5133817 ], [ -58.5273474, -34.5141861 ], [ -58.5277337, -34.5136557 ], [ -58.5278088, -34.5136822 ], [ -58.5288602, -34.5120821 ] ] ] ] } },
{ "type": "Feature", "properties": { "id": 117, "Name": "cuadro 5 - Pogonza Yesica Belén LP 30617", "Cuadro": "5", "Nombre": "Pogonza Yesica Belén", "LP": "30617" }, "geometry": { "type": "MultiPolygon", "coordinates": [ [ [ [ -58.5247893, -34.5102015 ], [ -58.5213668, -34.508619 ], [ -58.5195107, -34.5113685 ], [ -58.5198111, -34.5115276 ], [ -58.5225899, -34.5114392 ], [ -58.5228474, -34.5113419 ], [ -58.5247893, -34.5102015 ] ] ] ] } },
{ "type": "Feature", "properties": { "id": 118, "Name": "cuadro 6 - González Sabrina LP 26192", "Cuadro": "6", "Nombre": "González Sabrina", "LP": "26192" }, "geometry": { "type": "MultiPolygon", "coordinates": [ [ [ [ -58.5212488, -34.5086101 ], [ -58.5191459, -34.5076641 ], [ -58.5177619, -34.5098125 ], [ -58.5179336, -34.509892 ], [ -58.5175581, -34.5104579 ], [ -58.5173113, -34.5107761 ], [ -58.5190386, -34.5115718 ], [ -58.519221, -34.5117574 ], [ -58.5193927, -34.5115895 ], [ -58.5196609, -34.5115276 ], [ -58.5193498, -34.5113861 ], [ -58.5212488, -34.5086101 ] ] ] ] } },
{ "type": "Feature", "properties": { "id": 119, "Name": "cuadro 7 - Gomez Mauro Emanuel LP 39650", "Cuadro": "7", "Nombre": "Gomez Mauro Emanuel", "LP": "39650" }, "geometry": { "type": "MultiPolygon", "coordinates": [ [ [ [ -58.5190493, -34.5076199 ], [ -58.5157663, -34.5061876 ], [ -58.5147578, -34.508451 ], [ -58.5168177, -34.509397 ], [ -58.5168928, -34.5094146 ], [ -58.5163135, -34.5103164 ], [ -58.5172147, -34.5107408 ], [ -58.5176975, -34.5099628 ], [ -58.5175902, -34.5099009 ], [ -58.5190493, -34.5076199 ] ] ] ] } },
{ "type": "Feature", "properties": { "id": 120, "Name": "cuadro 8 - Balmaceda Emilce LP 39051", "Cuadro": "8", "Nombre": "Balmaceda Emilce", "LP": "39051" }, "geometry": { "type": "MultiPolygon", "coordinates": [ [ [ [ -58.5156751, -34.5060904 ], [ -58.5122473, -34.5045167 ], [ -58.5107788, -34.5066917 ], [ -58.5145754, -34.5083802 ], [ -58.5156751, -34.5060904 ] ] ] ] } },
{ "type": "Feature", "properties": { "id": 121, "Name": "cuadro 9 -  Amaya Tamara LP 36547", "Cuadro": "9", "Nombre": "Amaya Tamara", "LP": "36547" }, "geometry": { "type": "MultiPolygon", "coordinates": [ [ [ [ -58.5157913, -34.5061367 ], [ -58.5156974, -34.5060947 ], [ -58.5147265, -34.5081989 ], [ -58.5144314, -34.5088398 ], [ -58.5141873, -34.5093747 ], [ -58.5134953, -34.5109882 ], [ -58.5130984, -34.5119253 ], [ -58.5127872, -34.5129154 ], [ -58.512755, -34.5141 ], [ -58.512637, -34.5160891 ], [ -58.512004, -34.5172472 ], [ -58.5121542, -34.5172914 ], [ -58.5128194, -34.5161952 ], [ -58.5128945, -34.5140824 ], [ -58.5129482, -34.5130038 ], [ -58.5132593, -34.5119695 ], [ -58.5136348, -34.5110324 ], [ -58.5139996, -34.5102102 ], [ -58.5143644, -34.5093349 ], [ -58.5148793, -34.5081856 ], [ -58.5157913, -34.5061367 ] ] ] ] } },
{ "type": "Feature", "properties": { "id": 122, "Name": "cuadro 10 - Ortíz Andrea LP 38559", "Cuadro": "10", "Nombre": "Ortíz Andrea", "LP": "38559" }, "geometry": { "type": "MultiPolygon", "coordinates": [ [ [ [ -58.5322816, -34.5199911 ], [ -58.5306294, -34.5187889 ], [ -58.5273893, -34.5173656 ], [ -58.526134, -34.518232 ], [ -58.5255117, -34.5186474 ], [ -58.5299427, -34.5206894 ], [ -58.5299749, -34.5208132 ], [ -58.5297603, -34.5211491 ], [ -58.5301466, -34.5214497 ], [ -58.5303075, -34.5215381 ], [ -58.5322816, -34.5199911 ] ] ] ] } },
{ "type": "Feature", "properties": { "id": 123, "Name": "cuadro 11 - VACIO", "Cuadro": "11", "Nombre": "VACIO", "LP": "NA" }, "geometry": { "type": "MultiPolygon", "coordinates": [ [ [ [ -58.5272055, -34.5171921 ], [ -58.5288041, -34.5157158 ], [ -58.524931, -34.5139654 ], [ -58.5245984, -34.5140715 ], [ -58.5244375, -34.5142483 ], [ -58.5241264, -34.5143013 ], [ -58.5233324, -34.5143279 ], [ -58.5216373, -34.5143809 ], [ -58.5211867, -34.5144693 ], [ -58.5272055, -34.5171921 ] ] ] ] } },
{ "type": "Feature", "properties": { "id": 124, "Name": null, "Cuadro": "NA", "Nombre": "NA", "LP": "NA" }, "geometry": { "type": "MultiPolygon", "coordinates": [ [ [ [ -58.5272484, -34.5142994 ], [ -58.5241371, -34.5128495 ], [ -58.5242014, -34.5131589 ], [ -58.5243516, -34.513433 ], [ -58.5248559, -34.5137866 ], [ -58.5269587, -34.5147414 ], [ -58.5272484, -34.5142994 ] ] ] ] } },
{ "type": "Feature", "properties": { "id": 125, "Name": "cuadro 12 - Falcón Darío LP 35712", "Cuadro": "12", "Nombre": "Falcón Darío", "LP": "35712" }, "geometry": { "type": "MultiPolygon", "coordinates": [ [ [ [ -58.5271662, -34.5173091 ], [ -58.5211152, -34.5145333 ], [ -58.5205465, -34.5148162 ], [ -58.5200208, -34.5151875 ], [ -58.5197848, -34.5157091 ], [ -58.5196346, -34.5159831 ], [ -58.5211474, -34.516655 ], [ -58.521201, -34.5165666 ], [ -58.5197419, -34.5159566 ], [ -58.5201174, -34.5152405 ], [ -58.5209328, -34.5147455 ], [ -58.5211366, -34.5146129 ], [ -58.5221451, -34.5151168 ], [ -58.5212654, -34.5167434 ], [ -58.5253423, -34.5185556 ], [ -58.5271662, -34.5173091 ] ] ] ] } },
{ "type": "Feature", "properties": { "id": 126, "Name": null, "Cuadro": "NA", "Nombre": "NA", "LP": "NA" }, "geometry": { "type": "MultiPolygon", "coordinates": [ [ [ [ -58.5220593, -34.5151327 ], [ -58.5211581, -34.5146906 ], [ -58.5201496, -34.5153183 ], [ -58.5198492, -34.5159283 ], [ -58.5212439, -34.5165117 ], [ -58.5220593, -34.5151327 ] ] ] ] } },
{ "type": "Feature", "properties": { "id": 127, "Name": "cuadro 13 - Acosta Dylan LP 39245", "Cuadro": "13", "Nombre": "Acosta Dylan", "LP": "39245" }, "geometry": { "type": "MultiPolygon", "coordinates": [ [ [ [ -58.5196034, -34.5138361 ], [ -58.5153119, -34.5118249 ], [ -58.5151027, -34.5125575 ], [ -58.5150464, -34.5127957 ], [ -58.5146521, -34.5133963 ], [ -58.5138769, -34.5145633 ], [ -58.5171573, -34.5160639 ], [ -58.5172324, -34.5161081 ], [ -58.5175757, -34.5156838 ], [ -58.5176293, -34.5154716 ], [ -58.5173289, -34.5151445 ], [ -58.5173718, -34.5150473 ], [ -58.5174684, -34.5149854 ], [ -58.5175355, -34.514939 ], [ -58.5176669, -34.5149102 ], [ -58.5179941, -34.5149146 ], [ -58.5187344, -34.5147555 ], [ -58.5193138, -34.5143842 ], [ -58.5195283, -34.5141013 ], [ -58.5196034, -34.5138361 ] ] ] ] } },
{ "type": "Feature", "properties": { "id": 128, "Name": null, "Cuadro": "NA", "Nombre": "NA", "LP": "NA" }, "geometry": { "type": "MultiPolygon", "coordinates": [ [ [ [ -58.5196517, -34.5137229 ], [ -58.519759, -34.513166 ], [ -58.5195766, -34.5125206 ], [ -58.5190938, -34.5118222 ], [ -58.5187827, -34.5115835 ], [ -58.5162614, -34.5104253 ], [ -58.5153602, -34.5117691 ], [ -58.5196517, -34.5137229 ] ] ] ] } },
{ "type": "Feature", "properties": { "id": 129, "Name": "cuadro 14 - Buisan Axel LP 39551", "Cuadro": "14", "Nombre": "Buisan Axel", "LP": "39551" }, "geometry": { "type": "MultiPolygon", "coordinates": [ [ [ [ -58.5167015, -34.5094841 ], [ -58.514722, -34.5085646 ], [ -58.5137707, -34.5107709 ], [ -58.5133005, -34.5118962 ], [ -58.5129482, -34.5130038 ], [ -58.5128444, -34.5159642 ], [ -58.5143693, -34.5136712 ], [ -58.5149923, -34.5127192 ], [ -58.5152075, -34.5118026 ], [ -58.5167015, -34.5094841 ] ] ] ] } },
{ "type": "Feature", "properties": { "id": 130, "Name": "cuadro 15 - VACÍO", "Cuadro": "15", "Nombre": "VACÍO", "LP": "NA" }, "geometry": { "type": "MultiPolygon", "coordinates": [ [ [ [ -58.5145473, -34.5084825 ], [ -58.5133779, -34.5079388 ], [ -58.5100834, -34.5128184 ], [ -58.5119128, -34.5136558 ], [ -58.5119825, -34.5136956 ], [ -58.5121596, -34.513773 ], [ -58.5124895, -34.5139255 ], [ -58.5127228, -34.5140294 ], [ -58.5127663, -34.5132565 ], [ -58.5127872, -34.5129154 ], [ -58.5131307, -34.5118072 ], [ -58.5136029, -34.510699 ], [ -58.5145473, -34.5084825 ] ] ] ] } },
{ "type": "Feature", "properties": { "id": 131, "Name": "cuadro 16 - Amaya Brian LP 37358", "Cuadro": "16", "Nombre": "Amaya Brian", "LP": "37358" }, "geometry": { "type": "MultiPolygon", "coordinates": [ [ [ [ -58.5132741, -34.5079394 ], [ -58.5104417, -34.5066221 ], [ -58.509004, -34.50885 ], [ -58.5117399, -34.5101055 ], [ -58.5132312, -34.5080013 ], [ -58.5132741, -34.5079394 ] ] ] ] } },
{ "type": "Feature", "properties": { "id": 132, "Name": "cuadro 17 - Gómez Bárbara LP 39524", "Cuadro": "17", "Nombre": "Gómez Bárbara", "LP": "39524" }, "geometry": { "type": "MultiPolygon", "coordinates": [ [ [ [ -58.511697, -34.5101851 ], [ -58.5089783, -34.5089373 ], [ -58.5072027, -34.5115188 ], [ -58.5099761, -34.5127919 ], [ -58.511697, -34.5101851 ] ] ] ] } },
{ "type": "Feature", "properties": { "id": 133, "Name": "cuadro 18 - Bergara Natalia LP 28909", "Cuadro": "18", "Nombre": "Bergara Natalia", "LP": "28909" }, "geometry": { "type": "MultiPolygon", "coordinates": [ [ [ [ -58.5300673, -34.5216777 ], [ -58.5295122, -34.5212418 ], [ -58.5297911, -34.5207644 ], [ -58.5253279, -34.5187136 ], [ -58.5240619, -34.5203755 ], [ -58.5290314, -34.5226343 ], [ -58.5300673, -34.5216777 ] ] ] ] } },
{ "type": "Feature", "properties": { "id": 134, "Name": "cuadro 19 - Vargas Sebastián LP 27080", "Cuadro": "19", "Nombre": "Vargas Sebastián", "LP": "27080" }, "geometry": { "type": "MultiPolygon", "coordinates": [ [ [ [ -58.5251563, -34.5186429 ], [ -58.5212295, -34.516813 ], [ -58.5194807, -34.5194296 ], [ -58.5231929, -34.5210915 ], [ -58.5251563, -34.5186429 ] ] ] ] } },
{ "type": "Feature", "properties": { "id": 135, "Name": "cuadro 20 - Vicente Hugo LP 25909", "Cuadro": "20", "Nombre": "Vicente Hugo", "LP": "25909" }, "geometry": { "type": "MultiPolygon", "coordinates": [ [ [ [ -58.5211222, -34.5167423 ], [ -58.5195451, -34.5160793 ], [ -58.5193198, -34.5163179 ], [ -58.5189013, -34.5163887 ], [ -58.5183327, -34.5166273 ], [ -58.5168092, -34.5181655 ], [ -58.5158973, -34.5190053 ], [ -58.5187941, -34.5202959 ], [ -58.5211222, -34.5167423 ] ] ] ] } },
{ "type": "Feature", "properties": { "id": 136, "Name": "cuadro 21 - Gómez Hernán LP 23228", "Cuadro": "21", "Nombre": "Gómez Hernán", "LP": "23228" }, "geometry": { "type": "MultiPolygon", "coordinates": [ [ [ [ -58.5171591, -34.5161313 ], [ -58.5138411, -34.5146196 ], [ -58.5121542, -34.5172914 ], [ -58.5146887, -34.5184055 ], [ -58.5150367, -34.5180381 ], [ -58.5154464, -34.5176839 ], [ -58.5156758, -34.517422 ], [ -58.5158581, -34.5171369 ], [ -58.5159453, -34.5169977 ], [ -58.5160432, -34.5169027 ], [ -58.5163061, -34.5168386 ], [ -58.5164375, -34.516832 ], [ -58.5165582, -34.516759 ], [ -58.5171591, -34.5161313 ] ] ] ] } },
{ "type": "Feature", "properties": { "id": 137, "Name": "cuadro 22 - Sanzi Eugenia LP 36949 Arce Mariela LP 38963", "Cuadro": "22", "Nombre": "Sanzi Eugenia", "LP": "36949" }, "geometry": { "type": "MultiPolygon", "coordinates": [ [ [ [ -58.512755, -34.5141 ], [ -58.5100201, -34.5128766 ], [ -58.5082659, -34.5155331 ], [ -58.512004, -34.5172472 ], [ -58.512637, -34.5160891 ], [ -58.512755, -34.5141 ] ] ] ] } },
{ "type": "Feature", "properties": { "id": 138, "Name": "cuadro 23 -López Anahí LP 39074", "Cuadro": "23", "Nombre": "López Anahí", "LP": "39074" }, "geometry": { "type": "MultiPolygon", "coordinates": [ [ [ [ -58.5099465, -34.512856 ], [ -58.5071624, -34.5115653 ], [ -58.505367, -34.5142289 ], [ -58.5081334, -34.5155126 ], [ -58.5099465, -34.512856 ] ] ] ] } },
{ "type": "Feature", "properties": { "id": 139, "Name": "cuadro 24 - Vera Alejandra LP 29270", "Cuadro": "24", "Nombre": "Vera Alejandra", "LP": "29270" }, "geometry": { "type": "MultiPolygon", "coordinates": [ [ [ [ -58.5290423, -34.5226934 ], [ -58.5239837, -34.5203709 ], [ -58.5225621, -34.5220725 ], [ -58.5275295, -34.5243133 ], [ -58.5290423, -34.5226934 ] ] ] ] } },
{ "type": "Feature", "properties": { "id": 140, "Name": "cuadro 25 - Bustamante Verónica LP 21629", "Cuadro": "25", "Nombre": "Bustamante Verónica", "LP": "21629" }, "geometry": { "type": "MultiPolygon", "coordinates": [ [ [ [ -58.5264621, -34.5240101 ], [ -58.5224817, -34.5221892 ], [ -58.5216449, -34.5231262 ], [ -58.5255502, -34.5249913 ], [ -58.5257969, -34.5246642 ], [ -58.5259149, -34.5247349 ], [ -58.5264621, -34.5240101 ] ] ] ] } },
{ "type": "Feature", "properties": { "id": 141, "Name": "cuadro 26 - Perez Cristofer LP 39688", "Cuadro": "26", "Nombre": "Perez Cristofer", "LP": "39688" }, "geometry": { "type": "MultiPolygon", "coordinates": [ [ [ [ -58.5254429, -34.5250797 ], [ -58.5215805, -34.5232234 ], [ -58.5199819, -34.525062 ], [ -58.5239838, -34.5270773 ], [ -58.5254429, -34.5250797 ] ] ] ] } },
{ "type": "Feature", "properties": { "id": 142, "Name": "cuadro 27 - VACÍO", "Cuadro": "27", "Nombre": "VACÍO", "LP": "NA" }, "geometry": { "type": "MultiPolygon", "coordinates": [ [ [ [ -58.5231324, -34.5211908 ], [ -58.5195061, -34.5195466 ], [ -58.518967, -34.5203464 ], [ -58.5199082, -34.5207963 ], [ -58.5177289, -34.5238469 ], [ -58.5198644, -34.5249797 ], [ -58.5231324, -34.5211908 ] ] ] ] } },
{ "type": "Feature", "properties": { "id": 143, "Name": "cuadro 28 - Zacarías Enzo LP 27807", "Cuadro": "28", "Nombre": "Zacarías Enzo", "LP": "27807" }, "geometry": { "type": "MultiPolygon", "coordinates": [ [ [ [ -58.5275457, -34.5244786 ], [ -58.5264407, -34.5239571 ], [ -58.5265158, -34.5240013 ], [ -58.5258935, -34.5248012 ], [ -58.5258291, -34.5247615 ], [ -58.5223637, -34.5294373 ], [ -58.5233561, -34.5299676 ], [ -58.525349, -34.5272099 ], [ -58.5275457, -34.5244786 ] ] ] ] } },
{ "type": "Feature", "properties": { "id": 144, "Name": "cuadro 29 - Gutierrez Ivan LP 37370", "Cuadro": "29", "Nombre": "Gutierrez Ivan", "LP": "37370" }, "geometry": { "type": "MultiPolygon", "coordinates": [ [ [ [ -58.5239286, -34.5271396 ], [ -58.5198945, -34.5251817 ], [ -58.5181703, -34.5273576 ], [ -58.5222902, -34.5293905 ], [ -58.5239286, -34.5271396 ] ] ] ] } },
{ "type": "Feature", "properties": { "id": 145, "Name": "cuadro 30 - Zanocco Sergio LP 21975", "Cuadro": "30", "Nombre": "Zanocco Sergio", "LP": "21975" }, "geometry": { "type": "MultiPolygon", "coordinates": [ [ [ [ -58.5145148, -34.5185162 ], [ -58.5056474, -34.5144656 ], [ -58.504616, -34.515876 ], [ -58.5073431, -34.5172508 ], [ -58.5077474, -34.5166984 ], [ -58.5078692, -34.5166545 ], [ -58.5080272, -34.5166639 ], [ -58.5090833, -34.5172309 ], [ -58.5127621, -34.5191071 ], [ -58.5116267, -34.520456 ], [ -58.5122849, -34.5207872 ], [ -58.5145148, -34.5185162 ] ] ] ] } },
{ "type": "Feature", "properties": { "id": 146, "Name": "cuadro 31 - Zalazar Carla LP 38933", "Cuadro": "31", "Nombre": "Zalazar Carla", "LP": "38933" }, "geometry": { "type": "MultiPolygon", "coordinates": [ [ [ [ -58.5126413, -34.5191233 ], [ -58.5088004, -34.517152 ], [ -58.5073305, -34.5191763 ], [ -58.5109783, -34.5209973 ], [ -58.5126413, -34.5191233 ] ] ] ] } },
{ "type": "Feature", "properties": { "id": 147, "Name": "cuadro 32 - Aquino Miguel LP 39333", "Cuadro": "32", "Nombre": "Aquino Miguel", "LP": "39333" }, "geometry": { "type": "MultiPolygon", "coordinates": [ [ [ [ -58.508618, -34.5171432 ], [ -58.507867, -34.51671 ], [ -58.507309, -34.5174084 ], [ -58.5046007, -34.5159532 ], [ -58.5036129, -34.5172418 ], [ -58.507234, -34.5191056 ], [ -58.508618, -34.5171432 ] ] ] ] } },
{ "type": "Feature", "properties": { "id": 148, "Name": "cuadro 33 - VACÍO", "Cuadro": "33", "Nombre": "VACÍO", "LP": "NA" }, "geometry": { "type": "MultiPolygon", "coordinates": [ [ [ [ -58.5311299, -34.513133 ], [ -58.5311468, -34.5131098 ], [ -58.5310811, -34.5131164 ], [ -58.5311299, -34.513133 ] ] ], [ [ [ -58.5311299, -34.513133 ], [ -58.5304159, -34.5141154 ], [ -58.5299237, -34.5147055 ], [ -58.5294623, -34.515174 ], [ -58.5289527, -34.5156956 ], [ -58.5282178, -34.5164205 ], [ -58.5275687, -34.5170172 ], [ -58.5272468, -34.5172868 ], [ -58.5253478, -34.5185863 ], [ -58.5251976, -34.5187278 ], [ -58.5243661, -34.5197267 ], [ -58.5231645, -34.5211454 ], [ -58.5212977, -34.5233111 ], [ -58.5198171, -34.5249995 ], [ -58.5199819, -34.525062 ], [ -58.5215445, -34.5231697 ], [ -58.5225637, -34.5220029 ], [ -58.5239837, -34.5203709 ], [ -58.5253279, -34.5187136 ], [ -58.52619, -34.5181311 ], [ -58.5274239, -34.5173089 ], [ -58.5292692, -34.5155409 ], [ -58.530149, -34.514648 ], [ -58.5312433, -34.5131717 ], [ -58.5311299, -34.513133 ] ] ] ] } },
{ "type": "Feature", "properties": { "id": 149, "Name": "cuadro 34 - Ibañez Walter LP 35706", "Cuadro": "34", "Nombre": "Ibañez Walter", "LP": "35706" }, "geometry": { "type": "MultiPolygon", "coordinates": [ [ [ [ -58.5157241, -34.5189321 ], [ -58.515854, -34.5189743 ], [ -58.5163249, -34.5185431 ], [ -58.5167433, -34.5181719 ], [ -58.517548, -34.5173497 ], [ -58.5179986, -34.5169077 ], [ -58.5184277, -34.5165364 ], [ -58.518932, -34.5163331 ], [ -58.5193397, -34.5162182 ], [ -58.5196346, -34.5159831 ], [ -58.5199512, -34.5152369 ], [ -58.5202194, -34.5150071 ], [ -58.5207559, -34.5146711 ], [ -58.5213245, -34.5144148 ], [ -58.5222472, -34.5143264 ], [ -58.5232343, -34.5143175 ], [ -58.524114, -34.514291 ], [ -58.5245861, -34.5141849 ], [ -58.5247685, -34.5139993 ], [ -58.524747, -34.513849 ], [ -58.5244037, -34.5135396 ], [ -58.5241998, -34.5132302 ], [ -58.5241247, -34.5127793 ], [ -58.5242106, -34.5122577 ], [ -58.524393, -34.5119306 ], [ -58.5247081, -34.5117196 ], [ -58.5251976, -34.5113825 ], [ -58.5257984, -34.5110554 ], [ -58.5262531, -34.5108709 ], [ -58.5260345, -34.5107636 ], [ -58.5248436, -34.5114532 ], [ -58.5243715, -34.5117803 ], [ -58.5241355, -34.5120897 ], [ -58.5239745, -34.51285 ], [ -58.5241247, -34.5134158 ], [ -58.5246075, -34.5138667 ], [ -58.5245646, -34.5140258 ], [ -58.5243393, -34.5141496 ], [ -58.5236312, -34.5141761 ], [ -58.5220541, -34.514238 ], [ -58.5212601, -34.5143175 ], [ -58.5207773, -34.5145209 ], [ -58.5202731, -34.5148214 ], [ -58.5198547, -34.5151839 ], [ -58.5194684, -34.5158911 ], [ -58.5193397, -34.5160768 ], [ -58.5187281, -34.5162978 ], [ -58.5181702, -34.5165276 ], [ -58.5174407, -34.5172437 ], [ -58.5166467, -34.518163 ], [ -58.5157241, -34.5189321 ] ] ] ] } },
{ "type": "Feature", "properties": { "id": 150, "Name": "39", "Cuadro": "NA", "Nombre": "NA", "LP": "NA" }, "geometry": { "type": "MultiPolygon", "coordinates": [ [ [ [ -58.504494416670205, -34.523054489988262 ], [ -58.504515661117964, -34.523072402983615 ], [ -58.504092025259119, -34.523706832330738 ], [ -58.502223618208646, -34.522786889349291 ], [ -58.502095376428777, -34.522967225028367 ], [ -58.501880352110753, -34.522869247059546 ], [ -58.5011862254063, -34.523830521473343 ], [ -58.502127364015131, -34.524295035962083 ], [ -58.502799471568743, -34.52463558484969 ], [ -58.507375579782526, -34.52687144968818 ], [ -58.507571534152035, -34.526960722128635 ], [ -58.508806997344415, -34.525240239369232 ], [ -58.504494416670205, -34.523054489988262 ] ] ] ] } },
{ "type": "Feature", "properties": { "id": 151, "Name": "72", "Cuadro": "NA", "Nombre": "NA", "LP": "NA" }, "geometry": { "type": "MultiPolygon", "coordinates": [ [ [ [ -58.476803672857521, -34.527976518219027 ], [ -58.475924219820513, -34.527596158158083 ], [ -58.475461353291529, -34.528284086175553 ], [ -58.471950829891675, -34.526639597060708 ], [ -58.471164874038372, -34.528714645048083 ], [ -58.476045337428047, -34.531059158331168 ], [ -58.478836243910635, -34.53236987661181 ], [ -58.47982496036628, -34.53040101125859 ], [ -58.476275807138002, -34.528704808441574 ], [ -58.476792901664567, -34.527997684004148 ], [ -58.476803672857521, -34.527976518219027 ] ] ] ] } },
{ "type": "Feature", "properties": { "id": 152, "Name": "76", "Cuadro": "NA", "Nombre": "NA", "LP": "NA" }, "geometry": { "type": "MultiPolygon", "coordinates": [ [ [ [ -58.485539605803858, -34.538132989864643 ], [ -58.485538333342667, -34.538132409946371 ], [ -58.485067101501954, -34.538805569742941 ], [ -58.484067848332316, -34.540237175185588 ], [ -58.48862675646717, -34.542420422294818 ], [ -58.491413536318909, -34.53842468588892 ], [ -58.489252793500512, -34.537427694364212 ], [ -58.487967788911462, -34.539273892258173 ], [ -58.486539175493469, -34.538614607223714 ], [ -58.485539605803858, -34.538132989864643 ] ] ] ] } },
{ "type": "Feature", "properties": { "id": 153, "Name": "75", "Cuadro": "NA", "Nombre": "NA", "LP": "NA" }, "geometry": { "type": "MultiPolygon", "coordinates": [ [ [ [ -58.483271844955226, -34.536753593132708 ], [ -58.483289067733679, -34.536787518190991 ], [ -58.478356034366293, -34.534416844709078 ], [ -58.476974244381793, -34.53712059539081 ], [ -58.477988581721576, -34.537604925708003 ], [ -58.478189855173866, -34.537394738413767 ], [ -58.480296104847632, -34.538413810262533 ], [ -58.48402224231711, -34.540198549396116 ], [ -58.485491565700677, -34.538117957626085 ], [ -58.483115379440939, -34.536978714761815 ], [ -58.483271844955226, -34.536753593132708 ] ] ] ] } },
{ "type": "Feature", "properties": { "id": 154, "Name": "16", "Cuadro": "NA", "Nombre": "NA", "LP": "NA" }, "geometry": { "type": "MultiPolygon", "coordinates": [ [ [ [ -58.4949354076902, -34.503581172663907 ], [ -58.493390375658066, -34.506484684717933 ], [ -58.497056303892826, -34.508131003640003 ], [ -58.498873107649089, -34.505399397385688 ], [ -58.49602023450165, -34.504066076765064 ], [ -58.4949354076902, -34.503581172663907 ] ] ] ] } },
{ "type": "Feature", "properties": { "id": 155, "Name": "33", "Cuadro": "NA", "Nombre": "NA", "LP": "NA" }, "geometry": { "type": "MultiPolygon", "coordinates": [ [ [ [ -58.482540185047426, -34.509694055486335 ], [ -58.481618451040262, -34.509250458005248 ], [ -58.481507828387876, -34.509401763174523 ], [ -58.480218101852174, -34.508731344775889 ], [ -58.478933417088264, -34.511506634142492 ], [ -58.482423289330292, -34.513191165803576 ], [ -58.48517027268857, -34.509266913289558 ], [ -58.484134401590673, -34.507479880010365 ], [ -58.482540185047426, -34.509694055486335 ] ] ] ] } },
{ "type": "Feature", "properties": { "id": 156, "Name": "02", "Cuadro": "NA", "Nombre": "NA", "LP": "NA" }, "geometry": { "type": "MultiPolygon", "coordinates": [ [ [ [ -58.48457759018256, -34.491775917057446 ], [ -58.484662805142712, -34.494558195541877 ], [ -58.486791165081762, -34.495515000951961 ], [ -58.488475130563614, -34.49626774809542 ], [ -58.489396697927269, -34.49669892099957 ], [ -58.490333890272709, -34.495803283470956 ], [ -58.491144336509826, -34.494731837971848 ], [ -58.484653158966566, -34.491771951582635 ], [ -58.48457759018256, -34.491775917057446 ] ] ] ] } },
{ "type": "Feature", "properties": { "id": 157, "Name": "09", "Cuadro": "NA", "Nombre": "NA", "LP": "NA" }, "geometry": { "type": "MultiPolygon", "coordinates": [ [ [ [ -58.505665522935985, -34.50425351122594 ], [ -58.504511900185292, -34.505993316211786 ], [ -58.509248703347474, -34.508150512976599 ], [ -58.509480597738275, -34.508302834441317 ], [ -58.510485884667098, -34.506795936101533 ], [ -58.510702664745317, -34.506557157905277 ], [ -58.508015506402941, -34.505328551950853 ], [ -58.505651086852772, -34.504242815578074 ], [ -58.505665522935985, -34.50425351122594 ] ] ] ] } },
{ "type": "Feature", "properties": { "id": 158, "Name": "10", "Cuadro": "NA", "Nombre": "NA", "LP": "NA" }, "geometry": { "type": "MultiPolygon", "coordinates": [ [ [ [ -58.502942567937176, -34.503151122652902 ], [ -58.502943839970875, -34.503151702403748 ], [ -58.501007696049733, -34.502271991605078 ], [ -58.499418914407336, -34.50462857391944 ], [ -58.503967989808402, -34.506738935110484 ], [ -58.504461446974624, -34.50600188433036 ], [ -58.505563752168165, -34.504356703502019 ], [ -58.503865811896688, -34.503577389935764 ], [ -58.502942567937176, -34.503151122652902 ] ] ] ] } },
{ "type": "Feature", "properties": { "id": 159, "Name": "27", "Cuadro": "NA", "Nombre": "NA", "LP": "NA" }, "geometry": { "type": "MultiPolygon", "coordinates": [ [ [ [ -58.495824370113198, -34.510008053488278 ], [ -58.497048640670371, -34.508182402334612 ], [ -58.493386800701671, -34.506505012190843 ], [ -58.492883300959747, -34.507476273607423 ], [ -58.492489024143168, -34.508243447004503 ], [ -58.493801267502185, -34.508852597883831 ], [ -58.493797762464581, -34.509074687543773 ], [ -58.49237389015714, -34.51141455693044 ], [ -58.494743425794397, -34.512530306472115 ], [ -58.49476905348935, -34.512551593680357 ], [ -58.496364238681444, -34.510270592364918 ], [ -58.495824370113198, -34.510008053488278 ] ] ] ] } },
{ "type": "Feature", "properties": { "id": 160, "Name": "48", "Cuadro": "NA", "Nombre": "NA", "LP": "NA" }, "geometry": { "type": "MultiPolygon", "coordinates": [ [ [ [ -58.474497594969314, -34.513470899394271 ], [ -58.474568412135106, -34.514159230737619 ], [ -58.473593692254667, -34.516647719629425 ], [ -58.473109502078998, -34.517616862695007 ], [ -58.472375344318365, -34.517568931789519 ], [ -58.471647687498077, -34.518248633108747 ], [ -58.471626474189783, -34.518499731858931 ], [ -58.47471081915139, -34.519700291965648 ], [ -58.478447587464728, -34.511270010280164 ], [ -58.477956489340755, -34.511021373732476 ], [ -58.476928113048864, -34.513466145240294 ], [ -58.475093035065676, -34.512566224358331 ], [ -58.474497594969314, -34.513470899394271 ] ] ] ] } },
{ "type": "Feature", "properties": { "id": 161, "Name": "07", "Cuadro": "NA", "Nombre": "NA", "LP": "NA" }, "geometry": { "type": "MultiPolygon", "coordinates": [ [ [ [ -58.500982713157192, -34.502237276130664 ], [ -58.50540361273498, -34.504253533735024 ], [ -58.50555674946056, -34.504367234390415 ], [ -58.505642882644118, -34.504237704437259 ], [ -58.505468037677723, -34.504156649624406 ], [ -58.506219488242913, -34.503011621386598 ], [ -58.506427404905814, -34.503107747748679 ], [ -58.507102636379329, -34.502074815707864 ], [ -58.502516214066226, -34.499961181726178 ], [ -58.500982713157192, -34.502237276130664 ] ] ] ] } },
{ "type": "Feature", "properties": { "id": 162, "Name": "29", "Cuadro": "NA", "Nombre": "NA", "LP": "NA" }, "geometry": { "type": "MultiPolygon", "coordinates": [ [ [ [ -58.498549923190943, -34.515386354976371 ], [ -58.498512987453552, -34.515329725862316 ], [ -58.500254750424332, -34.516148200809326 ], [ -58.501547711399837, -34.516362791680493 ], [ -58.50108561700204, -34.5169453748724 ], [ -58.502881089913991, -34.517865104927694 ], [ -58.503322563213288, -34.517278611172273 ], [ -58.503568609708232, -34.517407195822607 ], [ -58.504203041760547, -34.516577921961776 ], [ -58.504689278014617, -34.515884211236745 ], [ -58.501539514891526, -34.514321264153359 ], [ -58.50086914166986, -34.514122797582303 ], [ -58.500628548019279, -34.515292097613745 ], [ -58.500153087124978, -34.51514952136916 ], [ -58.499076382808468, -34.514627269711035 ], [ -58.498549923190943, -34.515386354976371 ] ] ] ] } },
{ "type": "Feature", "properties": { "id": 163, "Name": "68", "Cuadro": "NA", "Nombre": "NA", "LP": "NA" }, "geometry": { "type": "MultiPolygon", "coordinates": [ [ [ [ -58.484448074671953, -34.535115840589235 ], [ -58.484210194611556, -34.535465794621167 ], [ -58.483168085388563, -34.536964310175641 ], [ -58.485540897069477, -34.538106131037047 ], [ -58.486788986612687, -34.538692772438843 ], [ -58.487942873220653, -34.539224112163154 ], [ -58.489141240893865, -34.537408422421407 ], [ -58.489874085753605, -34.536499051614165 ], [ -58.488679396261482, -34.535924420069534 ], [ -58.485087347705871, -34.534192654086482 ], [ -58.484592177500154, -34.534904299185726 ], [ -58.484448074671953, -34.535115840589235 ] ] ] ] } },
{ "type": "Feature", "properties": { "id": 164, "Name": "05", "Cuadro": "NA", "Nombre": "NA", "LP": "NA" }, "geometry": { "type": "MultiPolygon", "coordinates": [ [ [ [ -58.494229693120694, -34.496168711004927 ], [ -58.493213964104974, -34.497713344745677 ], [ -58.492739547603954, -34.498431611413395 ], [ -58.496184528232057, -34.500015834557864 ], [ -58.497449291371879, -34.497640577354105 ], [ -58.494229693120694, -34.496168711004927 ] ] ] ] } },
{ "type": "Feature", "properties": { "id": 165, "Name": "601", "Cuadro": "NA", "Nombre": "NA", "LP": "NA" }, "geometry": { "type": "MultiPolygon", "coordinates": [ [ [ [ -58.497917999967733, -34.497840517636796 ], [ -58.497449291371879, -34.497640577354105 ], [ -58.49207148083876, -34.508046247797608 ], [ -58.492489024143168, -34.508243447004503 ], [ -58.497917999967733, -34.497840517636796 ] ] ] ] } },
{ "type": "Feature", "properties": { "id": 166, "Name": "77", "Cuadro": "NA", "Nombre": "NA", "LP": "NA" }, "geometry": { "type": "MultiPolygon", "coordinates": [ [ [ [ -58.491015561084645, -34.543491091140389 ], [ -58.492374487815511, -34.543911295948767 ], [ -58.494495446152065, -34.544277963852089 ], [ -58.496416090294687, -34.541825238195436 ], [ -58.494552506573342, -34.541014576736139 ], [ -58.494523814171892, -34.539891318022804 ], [ -58.493775003644629, -34.539521308681522 ], [ -58.491960587660927, -34.542130823452915 ], [ -58.491015561084645, -34.543491091140389 ] ] ] ] } },
{ "type": "Feature", "properties": { "id": 167, "Name": "602", "Cuadro": "NA", "Nombre": "NA", "LP": "NA" }, "geometry": { "type": "MultiPolygon", "coordinates": [ [ [ [ -58.488319117637644, -34.515899582454885 ], [ -58.489611495506871, -34.513134686579484 ], [ -58.4923253548491, -34.508511920224947 ], [ -58.491925047562582, -34.508321205723426 ], [ -58.48926979907408, -34.512995391662692 ], [ -58.486341788896397, -34.518442845169439 ], [ -58.486789849049643, -34.518641604137827 ], [ -58.488196294574429, -34.51612904379612 ], [ -58.488319117637644, -34.515899582454885 ] ] ] ] } },
{ "type": "Feature", "properties": { "id": 168, "Name": "43", "Cuadro": "NA", "Nombre": "NA", "LP": "NA" }, "geometry": { "type": "MultiPolygon", "coordinates": [ [ [ [ -58.501180851107968, -34.523888451572965 ], [ -58.500240060644103, -34.525235462327878 ], [ -58.501666441943399, -34.525897750765303 ], [ -58.506400631659076, -34.528200167974184 ], [ -58.506554129881877, -34.528320870342945 ], [ -58.507468256565154, -34.527108523345291 ], [ -58.507539256314082, -34.526996788407338 ], [ -58.507376198333468, -34.526912897450984 ], [ -58.505141232511889, -34.525826050252007 ], [ -58.503313353673008, -34.524927362633342 ], [ -58.50116812767898, -34.52388265397849 ], [ -58.501180851107968, -34.523888451572965 ] ] ] ] } },
{ "type": "Feature", "properties": { "id": 169, "Name": "06", "Cuadro": "NA", "Nombre": "NA", "LP": "NA" }, "geometry": { "type": "MultiPolygon", "coordinates": [ [ [ [ -58.502457374644386, -34.499954947031327 ], [ -58.49963733562619, -34.498617399038991 ], [ -58.499632562177574, -34.498622084533416 ], [ -58.497919271886516, -34.497841097443484 ], [ -58.496670781641399, -34.500256707432165 ], [ -58.50094219478359, -34.502228413954171 ], [ -58.502456674368652, -34.499956000103168 ], [ -58.502457374644386, -34.499954947031327 ] ] ] ] } },
{ "type": "Feature", "properties": { "id": 170, "Name": "37", "Cuadro": "NA", "Nombre": "NA", "LP": "NA" }, "geometry": { "type": "MultiPolygon", "coordinates": [ [ [ [ -58.503010744790153, -34.519868646287875 ], [ -58.503953762526514, -34.520320298166759 ], [ -58.502831865944813, -34.5197761589626 ], [ -58.500647554238157, -34.518668277708414 ], [ -58.499301594847473, -34.520427561383912 ], [ -58.499133637505793, -34.520622731367546 ], [ -58.498657365002003, -34.521229053022111 ], [ -58.502092588139014, -34.522943998639619 ], [ -58.503954334415155, -34.520321930979449 ], [ -58.503010744790153, -34.519868646287875 ] ] ] ] } },
{ "type": "Feature", "properties": { "id": 171, "Name": "36", "Cuadro": "NA", "Nombre": "NA", "LP": "NA" }, "geometry": { "type": "MultiPolygon", "coordinates": [ [ [ [ -58.496200091048898, -34.516541261637165 ], [ -58.495125442995693, -34.518076988481425 ], [ -58.494996862453007, -34.518277751157541 ], [ -58.494544639654521, -34.5189650139774 ], [ -58.496931114579674, -34.520152819212591 ], [ -58.498721082094882, -34.521065971411609 ], [ -58.499563943874485, -34.520053099269816 ], [ -58.499679635691727, -34.519904097589375 ], [ -58.500627255372521, -34.518671377830557 ], [ -58.500168557179009, -34.51843627488396 ], [ -58.499293009077945, -34.518015321027342 ], [ -58.496200091048898, -34.516541261637165 ] ] ] ] } },
{ "type": "Feature", "properties": { "id": 172, "Name": "31", "Cuadro": "NA", "Nombre": "NA", "LP": "NA" }, "geometry": { "type": "MultiPolygon", "coordinates": [ [ [ [ -58.497370519367834, -34.517074686311808 ], [ -58.497400238432149, -34.517064901782973 ], [ -58.497379841427389, -34.517015809775728 ], [ -58.50397827711938, -34.520283440329926 ], [ -58.505351942599972, -34.51837760128425 ], [ -58.503564522709439, -34.517438267084927 ], [ -58.503342391883507, -34.517326069274823 ], [ -58.502904792877352, -34.517926678729388 ], [ -58.50106040160675, -34.51698328522081 ], [ -58.501529757767294, -34.516384799651881 ], [ -58.500211209237634, -34.516188737745971 ], [ -58.498549923190943, -34.515386354976371 ], [ -58.497370519367834, -34.517074686311808 ] ] ] ] } },
{ "type": "Feature", "properties": { "id": 173, "Name": "41", "Cuadro": "NA", "Nombre": "NA", "LP": "NA" }, "geometry": { "type": "MultiPolygon", "coordinates": [ [ [ [ -58.494091377491173, -34.522153520178328 ], [ -58.496155104110585, -34.523173625329527 ], [ -58.497920205660257, -34.520659834795069 ], [ -58.494544067958167, -34.51896338111527 ], [ -58.493604251946508, -34.520288855986671 ], [ -58.494091377491173, -34.522153520178328 ] ] ] ] } },
{ "type": "Feature", "properties": { "id": 174, "Name": "11", "Cuadro": "NA", "Nombre": "NA", "LP": "NA" }, "geometry": { "type": "MultiPolygon", "coordinates": [ [ [ [ -58.498310935259887, -34.501072969219969 ], [ -58.498313479202551, -34.501074128821806 ], [ -58.496659946655974, -34.500292937198509 ], [ -58.494965766390493, -34.503557959333008 ], [ -58.498894061646418, -34.50535542936268 ], [ -58.499915902297964, -34.503886275262502 ], [ -58.500957816347928, -34.502282191067842 ], [ -58.499234133639312, -34.501499272871719 ], [ -58.498310935259887, -34.501072969219969 ] ] ] ] } },
{ "type": "Feature", "properties": { "id": 175, "Name": "52", "Cuadro": "NA", "Nombre": "NA", "LP": "NA" }, "geometry": { "type": "MultiPolygon", "coordinates": [ [ [ [ -58.506576532159045, -34.528314609897841 ], [ -58.501673348398661, -34.525957159680786 ], [ -58.500457054861187, -34.527708337526384 ], [ -58.503513151866557, -34.529228396450449 ], [ -58.504948592154015, -34.529907078151204 ], [ -58.505343184312963, -34.530084103708433 ], [ -58.506576532159045, -34.528314609897841 ] ] ] ] } },
{ "type": "Feature", "properties": { "id": 176, "Name": "04", "Cuadro": "NA", "Nombre": "NA", "LP": "NA" }, "geometry": { "type": "MultiPolygon", "coordinates": [ [ [ [ -58.494215517548625, -34.496152642115376 ], [ -58.491545091634102, -34.494911813572287 ], [ -58.489986802425356, -34.497117562890999 ], [ -58.489300868021722, -34.498098946298612 ], [ -58.492114424984294, -34.499351521910086 ], [ -58.492574844019892, -34.498654317868088 ], [ -58.492667755175127, -34.498492199336631 ], [ -58.492917182478571, -34.498074823157644 ], [ -58.494215517548625, -34.496152642115376 ] ] ] ] } },
{ "type": "Feature", "properties": { "id": 177, "Name": "54", "Cuadro": "NA", "Nombre": "NA", "LP": "NA" }, "geometry": { "type": "MultiPolygon", "coordinates": [ [ [ [ -58.50014399792159, -34.537705271220482 ], [ -58.496384805352257, -34.535928021528669 ], [ -58.498864037386106, -34.532368604424519 ], [ -58.5002060913652, -34.533015760758069 ], [ -58.500669076206151, -34.532362187284832 ], [ -58.502987321060004, -34.533491113728381 ], [ -58.501292548152357, -34.535919049745381 ], [ -58.500113242698497, -34.537736543657218 ], [ -58.50014399792159, -34.537705271220482 ] ] ] ] } },
{ "type": "Feature", "properties": { "id": 178, "Name": "03", "Cuadro": "NA", "Nombre": "NA", "LP": "NA" }, "geometry": { "type": "MultiPolygon", "coordinates": [ [ [ [ -58.484566182116232, -34.500162907249383 ], [ -58.489356036290957, -34.496720179663498 ], [ -58.484625997874396, -34.494526314603164 ], [ -58.484255284195775, -34.498235656716574 ], [ -58.484166095120962, -34.498860599118977 ], [ -58.483616027410108, -34.499744745419413 ], [ -58.484566182116232, -34.500162907249383 ] ] ] ] } },
{ "type": "Feature", "properties": { "id": 179, "Name": "74", "Cuadro": "NA", "Nombre": "NA", "LP": "NA" }, "geometry": { "type": "MultiPolygon", "coordinates": [ [ [ [ -58.471307959937945, -34.534979384120128 ], [ -58.47130668761875, -34.534978804049452 ], [ -58.474874070866676, -34.536152237271153 ], [ -58.474810068676241, -34.536360494622507 ], [ -58.475590646401756, -34.536662807486017 ], [ -58.476498230975288, -34.537001049672419 ], [ -58.477314865272703, -34.535407984642795 ], [ -58.477890601653755, -34.534293886346383 ], [ -58.471590563933923, -34.531358615998968 ], [ -58.47065909649865, -34.532972064570153 ], [ -58.469933018936047, -34.532700034148114 ], [ -58.469282264919407, -34.534409913922602 ], [ -58.470101382465536, -34.534626914907122 ], [ -58.470213110086696, -34.534655895088285 ], [ -58.471307959937945, -34.534979384120128 ] ] ] ] } },
{ "type": "Feature", "properties": { "id": 180, "Name": "65", "Cuadro": "NA", "Nombre": "NA", "LP": "NA" }, "geometry": { "type": "MultiPolygon", "coordinates": [ [ [ [ -58.491809328257403, -34.533849960634619 ], [ -58.489876630682168, -34.536500211360377 ], [ -58.489254027862962, -34.53738845910835 ], [ -58.491653742778141, -34.538499835070418 ], [ -58.491776682179058, -34.538322561961202 ], [ -58.493904117294932, -34.539337242178235 ], [ -58.493774302945276, -34.539522361708428 ], [ -58.494523314653556, -34.539874622895951 ], [ -58.494466552136352, -34.534145498349027 ], [ -58.493450008954731, -34.533652088739174 ], [ -58.492957677102105, -34.534319738699267 ], [ -58.492926146993362, -34.534367124694995 ], [ -58.491809328257403, -34.533849960634619 ] ] ] ] } },
{ "type": "Feature", "properties": { "id": 181, "Name": "71", "Cuadro": "NA", "Nombre": "NA", "LP": "NA" }, "geometry": { "type": "MultiPolygon", "coordinates": [ [ [ [ -58.475205478353793, -34.530706465323782 ], [ -58.475204206075219, -34.530705885292349 ], [ -58.47461579032796, -34.530423899842667 ], [ -58.474531950000213, -34.530382931433664 ], [ -58.471140342404588, -34.528751496682212 ], [ -58.470306852274753, -34.53070606461894 ], [ -58.476430018863446, -34.533545719330846 ], [ -58.477913546695959, -34.534249448715059 ], [ -58.478816545335881, -34.532414421443157 ], [ -58.475205478353793, -34.530706465323782 ] ] ] ] } },
{ "type": "Feature", "properties": { "id": 182, "Name": "32", "Cuadro": "NA", "Nombre": "NA", "LP": "NA" }, "geometry": { "type": "MultiPolygon", "coordinates": [ [ [ [ -58.491863141324664, -34.514161065449272 ], [ -58.49445803573316, -34.515404206424549 ], [ -58.494331188622006, -34.515582428241608 ], [ -58.497353681533561, -34.517032705496334 ], [ -58.499031455591556, -34.514642473604745 ], [ -58.494836645305057, -34.51261945412984 ], [ -58.493411962960067, -34.511927532380589 ], [ -58.491863141324664, -34.514161065449272 ] ] ] ] } },
{ "type": "Feature", "properties": { "id": 183, "Name": "30", "Cuadro": "NA", "Nombre": "NA", "LP": "NA" }, "geometry": { "type": "MultiPolygon", "coordinates": [ [ [ [ -58.511329167198326, -34.52201612802817 ], [ -58.511455591287913, -34.52187338570878 ], [ -58.511663124908829, -34.521611166948965 ], [ -58.505351942599972, -34.51837760128425 ], [ -58.504512278837552, -34.519542873367321 ], [ -58.504094719424543, -34.520145757974568 ], [ -58.507609437242415, -34.521953000144755 ], [ -58.508051597588661, -34.521365436872124 ], [ -58.510043057504802, -34.522377013998536 ], [ -58.509601243861077, -34.522916711513936 ], [ -58.510103697219698, -34.523175804813206 ], [ -58.510147589237484, -34.523209522553387 ], [ -58.510321265351216, -34.523302365948545 ], [ -58.511329167198326, -34.52201612802817 ] ] ] ] } },
{ "type": "Feature", "properties": { "id": 184, "Name": "17", "Cuadro": "NA", "Nombre": "NA", "LP": "NA" }, "geometry": { "type": "MultiPolygon", "coordinates": [ [ [ [ -58.501326313038668, -34.505566546628046 ], [ -58.50132885715967, -34.505567706161607 ], [ -58.499392672380687, -34.504687971110471 ], [ -58.497656991310556, -34.507232863116506 ], [ -58.50222073399523, -34.509351296673671 ], [ -58.502845756539756, -34.50841896043498 ], [ -58.503948252600075, -34.506771107257947 ], [ -58.502248876020779, -34.505993878556957 ], [ -58.501326313038668, -34.505566546628046 ] ] ] ] } },
{ "type": "Feature", "properties": { "id": 185, "Name": "66", "Cuadro": "NA", "Nombre": "NA", "LP": "NA" }, "geometry": { "type": "MultiPolygon", "coordinates": [ [ [ [ -58.496354621175698, -34.535960925892041 ], [ -58.495014893929145, -34.537772571658472 ], [ -58.49478101390963, -34.538094160092392 ], [ -58.49480914001834, -34.538876831660467 ], [ -58.494834096392339, -34.539861157638377 ], [ -58.494821229288405, -34.540102307391599 ], [ -58.494821564891119, -34.541071297880386 ], [ -58.496572634077587, -34.5418691149955 ], [ -58.497176166626147, -34.541201334377419 ], [ -58.497330583118867, -34.541058984810988 ], [ -58.497988410885959, -34.540356935459975 ], [ -58.498407411050344, -34.539821903308443 ], [ -58.500110697597727, -34.537735384129334 ], [ -58.499055459123298, -34.537220311830751 ], [ -58.496354621175698, -34.535960925892041 ] ] ] ] } },
{ "type": "Feature", "properties": { "id": 186, "Name": "62", "Cuadro": "NA", "Nombre": "NA", "LP": "NA" }, "geometry": { "type": "MultiPolygon", "coordinates": [ [ [ [ -58.47365387896857, -34.526562424019488 ], [ -58.473288875609619, -34.527242816120946 ], [ -58.475461353291529, -34.528284086175553 ], [ -58.475957784065145, -34.527560679909108 ], [ -58.476845161181068, -34.527978963409922 ], [ -58.477331874435691, -34.527295045932675 ], [ -58.478883564498339, -34.525123095063684 ], [ -58.475733547203603, -34.523607354129901 ], [ -58.47427683316851, -34.525668880354857 ], [ -58.472980147593162, -34.525165497168942 ], [ -58.47290160582488, -34.525338301276769 ], [ -58.473935993133139, -34.525767382948814 ], [ -58.474150110410754, -34.52585677304041 ], [ -58.47365387896857, -34.526562424019488 ] ] ] ] } },
{ "type": "Feature", "properties": { "id": 187, "Name": "08", "Cuadro": "NA", "Nombre": "NA", "LP": "NA" }, "geometry": { "type": "MultiPolygon", "coordinates": [ [ [ [ -58.510939854450911, -34.506666608497916 ], [ -58.51122038472505, -34.506249679668294 ], [ -58.512394361442581, -34.504488964784571 ], [ -58.507102636379329, -34.502074815707864 ], [ -58.506427404905814, -34.503107747748679 ], [ -58.506219488242913, -34.503011621386598 ], [ -58.505458876267625, -34.504157963359489 ], [ -58.510939854450911, -34.506666608497916 ] ] ] ] } },
{ "type": "Feature", "properties": { "id": 188, "Name": "24", "Cuadro": "NA", "Nombre": "NA", "LP": "NA" }, "geometry": { "type": "MultiPolygon", "coordinates": [ [ [ [ -58.481611100599672, -34.503244173117963 ], [ -58.477152296727901, -34.501162816699832 ], [ -58.476719573698652, -34.503467452981901 ], [ -58.476244009117664, -34.503895627233049 ], [ -58.475797299493252, -34.504507146226572 ], [ -58.475936224237437, -34.504604813986134 ], [ -58.478262414726508, -34.504507289630247 ], [ -58.477641056388642, -34.506437686925793 ], [ -58.477389926928062, -34.507427985950024 ], [ -58.477660321248806, -34.507495018949925 ], [ -58.476267441441102, -34.510153726724511 ], [ -58.478890352237656, -34.511496604715305 ], [ -58.480610779803548, -34.507540720772809 ], [ -58.481211002246518, -34.505886163381263 ], [ -58.481522218735677, -34.504361961465065 ], [ -58.481876097392352, -34.503369126826492 ], [ -58.481611100599672, -34.503244173117963 ] ] ] ] } },
{ "type": "Feature", "properties": { "id": 189, "Name": "15", "Cuadro": "NA", "Nombre": "NA", "LP": "NA" }, "geometry": { "type": "MultiPolygon", "coordinates": [ [ [ [ -58.490511839337287, -34.501788251341303 ], [ -58.489444895890884, -34.50332740887179 ], [ -58.488327376153705, -34.502806933340175 ], [ -58.487640197878903, -34.50383992019961 ], [ -58.491620123358111, -34.505669461889177 ], [ -58.492941094914151, -34.50628536845003 ], [ -58.494369686816931, -34.503546973863742 ], [ -58.490511839337287, -34.501788251341303 ] ] ] ] } },
{ "type": "Feature", "properties": { "id": 190, "Name": "40", "Cuadro": "NA", "Nombre": "NA", "LP": "NA" }, "geometry": { "type": "MultiPolygon", "coordinates": [ [ [ [ -58.500202590425296, -34.52521701619991 ], [ -58.501849244285808, -34.522853700174039 ], [ -58.498618166846356, -34.521233146530633 ], [ -58.498742710912254, -34.521075827785786 ], [ -58.497969824270093, -34.520682446809879 ], [ -58.496172772022248, -34.523211867322999 ], [ -58.500202590425296, -34.52521701619991 ] ] ] ] } },
{ "type": "Feature", "properties": { "id": 191, "Name": "61", "Cuadro": "NA", "Nombre": "NA", "LP": "NA" }, "geometry": { "type": "MultiPolygon", "coordinates": [ [ [ [ -58.473398959944468, -34.519189949937733 ], [ -58.473400232033065, -34.519190529993857 ], [ -58.471626474189783, -34.518499731858931 ], [ -58.471614612204064, -34.51912292102196 ], [ -58.471438377864644, -34.52043151303306 ], [ -58.471147491624208, -34.521354311516362 ], [ -58.47201658063706, -34.52177256937776 ], [ -58.471448500770293, -34.523159139938237 ], [ -58.471135425953712, -34.52301912698681 ], [ -58.47120022112594, -34.523292975437343 ], [ -58.472582755982529, -34.523889067833146 ], [ -58.471812899085208, -34.52556381573806 ], [ -58.468441358215344, -34.524114270901805 ], [ -58.468321556248256, -34.524306691384595 ], [ -58.471734537140854, -34.525746309785553 ], [ -58.4714294672386, -34.526423835217642 ], [ -58.468162101820916, -34.524862587763963 ], [ -58.468090713752851, -34.524994735326715 ], [ -58.471339571633116, -34.526548916424858 ], [ -58.470976798044241, -34.527425220517976 ], [ -58.471280153476087, -34.52756491163008 ], [ -58.471403893101751, -34.527600744633411 ], [ -58.471697764362958, -34.526778118214132 ], [ -58.471638100794578, -34.526748169001685 ], [ -58.472659079572942, -34.524382275422788 ], [ -58.472895327502869, -34.523877872863984 ], [ -58.47331239629596, -34.522939870276772 ], [ -58.47373663949579, -34.521933773476441 ], [ -58.474540330071378, -34.520041154700891 ], [ -58.47471081915139, -34.519700291965648 ], [ -58.473398959944468, -34.519189949937733 ] ] ] ] } },
{ "type": "Feature", "properties": { "id": 192, "Name": "67", "Cuadro": "NA", "Nombre": "NA", "LP": "NA" }, "geometry": { "type": "MultiPolygon", "coordinates": [ [ [ [ -58.491015561084645, -34.543491091140389 ], [ -58.492446882795612, -34.541427467285523 ], [ -58.493904117294932, -34.539337242178235 ], [ -58.491776682179058, -34.538322561961202 ], [ -58.491653742778141, -34.538499835070418 ], [ -58.491417185732935, -34.538389296238918 ], [ -58.488622680766198, -34.542424054407959 ], [ -58.491015561084645, -34.543491091140389 ] ] ] ] } },
{ "type": "Feature", "properties": { "id": 193, "Name": "34", "Cuadro": "NA", "Nombre": "NA", "LP": "NA" }, "geometry": { "type": "MultiPolygon", "coordinates": [ [ [ [ -58.48261488747027, -34.513329299056686 ], [ -58.487112126277914, -34.515533265678435 ], [ -58.487966249619944, -34.514274421477374 ], [ -58.488181491298803, -34.513988281488821 ], [ -58.486768961539049, -34.512124316190494 ], [ -58.485203842256198, -34.509298686924417 ], [ -58.484348342942958, -34.510532179630381 ], [ -58.482477525391246, -34.513239224277235 ], [ -58.48261488747027, -34.513329299056686 ] ] ] ] } },
{ "type": "Feature", "properties": { "id": 194, "Name": "28", "Cuadro": "NA", "Nombre": "NA", "LP": "NA" }, "geometry": { "type": "MultiPolygon", "coordinates": [ [ [ [ -58.494810647185908, -34.512578785841747 ], [ -58.496018845245274, -34.513150054548341 ], [ -58.500151814923946, -34.515148941594639 ], [ -58.500623787846521, -34.515269344439254 ], [ -58.500966850356818, -34.513412584888719 ], [ -58.501079273396805, -34.513413045591157 ], [ -58.501541875635851, -34.512670148998282 ], [ -58.496390509904735, -34.510278449768251 ], [ -58.494810647185908, -34.512578785841747 ] ] ] ] } },
{ "type": "Feature", "properties": { "id": 195, "Name": "53", "Cuadro": "NA", "Nombre": "NA", "LP": "NA" }, "geometry": { "type": "MultiPolygon", "coordinates": [ [ [ [ -58.501625711390147, -34.528336881326588 ], [ -58.499267538812745, -34.531694790952997 ], [ -58.498806519347632, -34.532347886095422 ], [ -58.499992701300314, -34.532910302336909 ], [ -58.5002060913652, -34.533015760758069 ], [ -58.500669076206151, -34.532362187284832 ], [ -58.502997501088188, -34.5334957516122 ], [ -58.505314908262207, -34.530131599046364 ], [ -58.503589600916513, -34.529315371723321 ], [ -58.501625711390147, -34.528336881326588 ] ] ] ] } },
{ "type": "Feature", "properties": { "id": 196, "Name": "18", "Cuadro": "NA", "Nombre": "NA", "LP": "NA" }, "geometry": { "type": "MultiPolygon", "coordinates": [ [ [ [ -58.509473280011569, -34.50830636095521 ], [ -58.504453101157729, -34.506026897739574 ], [ -58.502884904394634, -34.508375050577854 ], [ -58.507910660237116, -34.510648835927228 ], [ -58.509472579759802, -34.508307414065385 ], [ -58.509473280011569, -34.50830636095521 ] ] ] ] } },
{ "type": "Feature", "properties": { "id": 197, "Name": "55", "Cuadro": "NA", "Nombre": "NA", "LP": "NA" }, "geometry": { "type": "MultiPolygon", "coordinates": [ [ [ [ -58.495108581960586, -34.529651493025952 ], [ -58.495023790465865, -34.529589525031099 ], [ -58.494889036273676, -34.530975890231666 ], [ -58.494506845170598, -34.53193662005576 ], [ -58.494636184138223, -34.532330398381802 ], [ -58.494731714227207, -34.536505909890209 ], [ -58.494758173147879, -34.537418190609451 ], [ -58.494762787156724, -34.538026846530869 ], [ -58.495015594598762, -34.537771518624929 ], [ -58.499864272849528, -34.530827710238214 ], [ -58.498900739400113, -34.530354377161153 ], [ -58.498308959421024, -34.531226458436585 ], [ -58.495108581960586, -34.529651493025952 ] ] ] ] } },
{ "type": "Feature", "properties": { "id": 198, "Name": "69", "Cuadro": "NA", "Nombre": "NA", "LP": "NA" }, "geometry": { "type": "MultiPolygon", "coordinates": [ [ [ [ -58.481229444055359, -34.532449320566322 ], [ -58.483643039321493, -34.533564555018117 ], [ -58.483924551816919, -34.533605033451622 ], [ -58.485055575804125, -34.534123278423138 ], [ -58.486250451874234, -34.53247482745968 ], [ -58.480692025254342, -34.52987811870139 ], [ -58.479674338507934, -34.531733586236683 ], [ -58.481229444055359, -34.532449320566322 ] ] ] ] } },
{ "type": "Feature", "properties": { "id": 199, "Name": "22", "Cuadro": "NA", "Nombre": "NA", "LP": "NA" }, "geometry": { "type": "MultiPolygon", "coordinates": [ [ [ [ -58.488032388323859, -34.507459241265849 ], [ -58.488675120892722, -34.507771473579076 ], [ -58.48889377819102, -34.507873902031918 ], [ -58.488917374974321, -34.507883287184036 ], [ -58.489587711564376, -34.50821632991498 ], [ -58.489674338272415, -34.508253076500338 ], [ -58.490592414340718, -34.508692186891516 ], [ -58.491234354397029, -34.507667380431258 ], [ -58.492064862833423, -34.508048720270864 ], [ -58.492929758873899, -34.50630490267757 ], [ -58.490449118144078, -34.505152091422495 ], [ -58.487645857105051, -34.503843872754601 ], [ -58.487080275329404, -34.504631753575644 ], [ -58.486959603218899, -34.504803177018623 ], [ -58.486396127546605, -34.505655150172643 ], [ -58.487602916091831, -34.50619848805794 ], [ -58.487043162502708, -34.507000011976018 ], [ -58.488032388323859, -34.507459241265849 ] ] ] ] } },
{ "type": "Feature", "properties": { "id": 200, "Name": "79", "Cuadro": "NA", "Nombre": "NA", "LP": "NA" }, "geometry": { "type": "MultiPolygon", "coordinates": [ [ [ [ -58.468333698763082, -34.535271688544732 ], [ -58.468444182559097, -34.535339905641969 ], [ -58.469576671411929, -34.535853504082866 ], [ -58.473583097576807, -34.5373067345434 ], [ -58.477688780713066, -34.539131649547315 ], [ -58.480559572689742, -34.540571918980049 ], [ -58.481481572822041, -34.539301353324674 ], [ -58.477956232855476, -34.537628608074343 ], [ -58.47697040558387, -34.537146294183067 ], [ -58.476428292537989, -34.538277101791323 ], [ -58.475959736507129, -34.538056650694351 ], [ -58.475944543436128, -34.538034628101592 ], [ -58.476490801689089, -34.536979821349526 ], [ -58.471390266727425, -34.535254347948971 ], [ -58.46912675397229, -34.534668409305823 ], [ -58.468814003661066, -34.534547772915225 ], [ -58.468464428906813, -34.534758960856493 ], [ -58.468333698763082, -34.535271688544732 ] ] ] ] } },
{ "type": "Feature", "properties": { "id": 201, "Name": "603", "Cuadro": "NA", "Nombre": "NA", "LP": "NA" }, "geometry": { "type": "MultiPolygon", "coordinates": [ [ [ [ -58.48068118704974, -34.529819654222919 ], [ -58.484902537431132, -34.522419897870684 ], [ -58.485454788667731, -34.521046745424762 ], [ -58.486800911321225, -34.518654881039275 ], [ -58.486314686219039, -34.518438724532189 ], [ -58.480251517636432, -34.529643003458752 ], [ -58.48068118704974, -34.529819654222919 ] ] ] ] } },
{ "type": "Feature", "properties": { "id": 202, "Name": "21", "Cuadro": "NA", "Nombre": "NA", "LP": "NA" }, "geometry": { "type": "MultiPolygon", "coordinates": [ [ [ [ -58.500507812148967, -34.50861180159314 ], [ -58.499587071988643, -34.508186669833613 ], [ -58.497650842829266, -34.50730690863297 ], [ -58.495856100175274, -34.510037611395958 ], [ -58.500572771418106, -34.512168117838236 ], [ -58.501228392004521, -34.511194826324484 ], [ -58.502403392231408, -34.509472963636114 ], [ -58.500507812148967, -34.50861180159314 ] ] ] ] } },
{ "type": "Feature", "properties": { "id": 203, "Name": "78", "Cuadro": "NA", "Nombre": "NA", "LP": "NA" }, "geometry": { "type": "MultiPolygon", "coordinates": [ [ [ [ -58.481535458194884, -34.539330030466097 ], [ -58.48153418574136, -34.539329450505932 ], [ -58.480600400512387, -34.540615230905544 ], [ -58.486622443993234, -34.543131924806964 ], [ -58.48901463471455, -34.544077922602796 ], [ -58.492723421331426, -34.545799387603537 ], [ -58.492766296706051, -34.545732467402402 ], [ -58.4936609374857, -34.544432942377838 ], [ -58.493465793064949, -34.544434601967723 ], [ -58.492246329232842, -34.544183628570593 ], [ -58.490817776423775, -34.543750911226205 ], [ -58.488831037796515, -34.542851105384322 ], [ -58.481535458194884, -34.539330030466097 ] ] ] ] } },
{ "type": "Feature", "properties": { "id": 204, "Name": "01", "Cuadro": "NA", "Nombre": "NA", "LP": "NA" }, "geometry": { "type": "MultiPolygon", "coordinates": [ [ [ [ -58.484518926093187, -34.491712109716715 ], [ -58.481381746537842, -34.490345895927462 ], [ -58.481047888509522, -34.497540213952384 ], [ -58.482554854954977, -34.498220564302251 ], [ -58.482914858381697, -34.49812260028299 ], [ -58.48403439229709, -34.498644889982963 ], [ -58.4840888150353, -34.498670279074268 ], [ -58.484561935817375, -34.494358489488128 ], [ -58.484518926093187, -34.491712109716715 ] ] ] ] } },
{ "type": "Feature", "properties": { "id": 205, "Name": "23", "Cuadro": "NA", "Nombre": "NA", "LP": "NA" }, "geometry": { "type": "MultiPolygon", "coordinates": [ [ [ [ -58.484532346005821, -34.500173595165968 ], [ -58.483574220105119, -34.499762736369789 ], [ -58.484112141271957, -34.498874423647123 ], [ -58.4840888150353, -34.498670279074268 ], [ -58.482914858381697, -34.49812260028299 ], [ -58.482554854954977, -34.498220564302251 ], [ -58.481047888509522, -34.497540213952384 ], [ -58.481071021934326, -34.497237136668723 ], [ -58.480953968572784, -34.497108505395062 ], [ -58.480128243858609, -34.496799670877159 ], [ -58.479956071093468, -34.496933878371394 ], [ -58.47985907194564, -34.497747411346971 ], [ -58.479506266958772, -34.49759749495496 ], [ -58.479371989977118, -34.497799316493833 ], [ -58.478204409278341, -34.497294729758295 ], [ -58.477888957981975, -34.499158751395015 ], [ -58.47804964578885, -34.499560048353437 ], [ -58.477797172444539, -34.500268374138528 ], [ -58.477429221092187, -34.500323784280269 ], [ -58.477318079081932, -34.500365544397653 ], [ -58.47730586380726, -34.500605642021853 ], [ -58.477234431462882, -34.500914804938084 ], [ -58.477166567672441, -34.5011363862086 ], [ -58.48186246023112, -34.503314873982809 ], [ -58.482227744254381, -34.502684881700382 ], [ -58.482379241277911, -34.502421027598309 ], [ -58.48284776678512, -34.501737581107292 ], [ -58.48358906888437, -34.501014992377826 ], [ -58.484533794479837, -34.500174214566982 ], [ -58.484532346005821, -34.500173595165968 ] ] ] ] } },
{ "type": "Feature", "properties": { "id": 206, "Name": "605", "Cuadro": "NA", "Nombre": "NA", "LP": "NA" }, "geometry": { "type": "MultiPolygon", "coordinates": [ [ [ [ -58.491315350304866, -34.49478373576499 ], [ -58.489766843303521, -34.496907485975846 ], [ -58.489518592694729, -34.496772339392258 ], [ -58.489310087232212, -34.496946253373544 ], [ -58.489646113751178, -34.497093974197576 ], [ -58.489173682493501, -34.497795070743003 ], [ -58.48853529869384, -34.497517957626357 ], [ -58.48832667869641, -34.497667117027213 ], [ -58.489029887293121, -34.497990490149647 ], [ -58.488148739041655, -34.499263014328726 ], [ -58.486874981427405, -34.498693215519125 ], [ -58.48668475244552, -34.498828476583178 ], [ -58.488031348613198, -34.499431813540987 ], [ -58.487804399858817, -34.499772983321279 ], [ -58.48632298022217, -34.499086546563717 ], [ -58.485635565245921, -34.499574568582631 ], [ -58.485921094293502, -34.499705770244262 ], [ -58.485492021464765, -34.500343526623638 ], [ -58.484909503933125, -34.500077913989138 ], [ -58.484729885284416, -34.500218339077648 ], [ -58.487100679808535, -34.501299333093449 ], [ -58.491531036605437, -34.494882917866761 ], [ -58.491315350304866, -34.49478373576499 ], [ -58.491315350304866, -34.49478373576499 ] ] ] ] } },
{ "type": "Feature", "properties": { "id": 207, "Name": "13", "Cuadro": "NA", "Nombre": "NA", "LP": "NA" }, "geometry": { "type": "MultiPolygon", "coordinates": [ [ [ [ -58.492144860575749, -34.499407939962445 ], [ -58.489279206938185, -34.498118934796331 ], [ -58.486696968146916, -34.501999254710036 ], [ -58.489460048223876, -34.503309614628812 ], [ -58.492144823590479, -34.499407923326743 ], [ -58.492144860575749, -34.499407939962445 ] ] ] ] } },
{ "type": "Feature", "properties": { "id": 208, "Name": "12", "Cuadro": "NA", "Nombre": "NA", "LP": "NA" }, "geometry": { "type": "MultiPolygon", "coordinates": [ [ [ [ -58.492734370194846, -34.498471793205326 ], [ -58.490511138894199, -34.50178930434874 ], [ -58.494369686816931, -34.503546973863727 ], [ -58.496184528232057, -34.500015834557843 ], [ -58.492734370194846, -34.498471793205326 ] ] ] ] } },
{ "type": "Feature", "properties": { "id": 209, "Name": "26", "Cuadro": "NA", "Nombre": "NA", "LP": "NA" }, "geometry": { "type": "MultiPolygon", "coordinates": [ [ [ [ -58.487953649928485, -34.512561463094023 ], [ -58.488672699324212, -34.511570421306509 ], [ -58.487936901265378, -34.511224204397287 ], [ -58.48976930452244, -34.508576328318981 ], [ -58.490497670699718, -34.508916602989878 ], [ -58.490616492357098, -34.508745705784712 ], [ -58.486975912629987, -34.507006405793376 ], [ -58.487551686455035, -34.506223164611441 ], [ -58.48732604852497, -34.506103824608068 ], [ -58.485827254425544, -34.508287317498507 ], [ -58.485038559426769, -34.507937406742982 ], [ -58.484875449231673, -34.508211907257689 ], [ -58.485187966191333, -34.508804252710881 ], [ -58.487042291289534, -34.512117175768545 ], [ -58.487953649928485, -34.512561463094023 ] ] ] ] } },
{ "type": "Feature", "properties": { "id": 210, "Name": "14", "Cuadro": "NA", "Nombre": "NA", "LP": "NA" }, "geometry": { "type": "MultiPolygon", "coordinates": [ [ [ [ -58.48831608354714, -34.502766814170897 ], [ -58.486619314926287, -34.502025421456487 ], [ -58.487109589060523, -34.501330842674356 ], [ -58.484722805887898, -34.50024393123855 ], [ -58.483937273709699, -34.501045416987587 ], [ -58.483285425216636, -34.501682703632774 ], [ -58.482771239598769, -34.502337644696283 ], [ -58.482457673171915, -34.502860927893778 ], [ -58.482593582666055, -34.503950184936144 ], [ -58.48634523005331, -34.50565939204391 ], [ -58.48831608354714, -34.502766814170897 ] ] ] ] } },
{ "type": "Feature", "properties": { "id": 211, "Name": "25", "Cuadro": "NA", "Nombre": "NA", "LP": "NA" }, "geometry": { "type": "MultiPolygon", "coordinates": [ [ [ [ -58.487296092532894, -34.506091539552401 ], [ -58.482593582666055, -34.503950184936144 ], [ -58.482556937802052, -34.503668169884584 ], [ -58.482150957295083, -34.5034917149815 ], [ -58.482083254368696, -34.503683173791551 ], [ -58.482266667402406, -34.503761317769161 ], [ -58.482700991054266, -34.505124442114209 ], [ -58.482034400747295, -34.506295924474813 ], [ -58.481546417957134, -34.506073416692061 ], [ -58.480868247946233, -34.507457747426677 ], [ -58.482354326334814, -34.50816691549398 ], [ -58.481639111717563, -34.50921479143048 ], [ -58.482520057056519, -34.50963958888164 ], [ -58.484103609310367, -34.507472018022334 ], [ -58.484830986302988, -34.507820809538401 ], [ -58.484731192979879, -34.507963327511021 ], [ -58.484865649307196, -34.50819480630868 ], [ -58.485042825171291, -34.507931110227496 ], [ -58.485790124840292, -34.508270457235987 ], [ -58.487296092532894, -34.506091539552401 ] ] ] ] } },
{ "type": "Feature", "properties": { "id": 212, "Name": "46", "Cuadro": "NA", "Nombre": "NA", "LP": "NA" }, "geometry": { "type": "MultiPolygon", "coordinates": [ [ [ [ -58.485438773560759, -34.517639472918042 ], [ -58.483352062185965, -34.51661687583232 ], [ -58.48163109372976, -34.519213047036551 ], [ -58.480387668662338, -34.518633802992433 ], [ -58.479802647688949, -34.519481491452531 ], [ -58.484065367659262, -34.521574632167187 ], [ -58.484648528334972, -34.520725946448174 ], [ -58.483652141297824, -34.520228135886939 ], [ -58.483802378929376, -34.520003954832809 ], [ -58.485081691950498, -34.520640620256614 ], [ -58.485714506322331, -34.519515108673396 ], [ -58.484545788883011, -34.518941730667187 ], [ -58.484666216787879, -34.518763236099431 ], [ -58.485824488799963, -34.519313163153313 ], [ -58.486282917563543, -34.518433491787931 ], [ -58.484931187887597, -34.518433844341992 ], [ -58.485438773560965, -34.517639472918141 ], [ -58.485438773560759, -34.517639472918042 ] ] ] ] } },
{ "type": "Feature", "properties": { "id": 213, "Name": "47", "Cuadro": "NA", "Nombre": "NA", "LP": "NA" }, "geometry": { "type": "MultiPolygon", "coordinates": [ [ [ [ -58.483355266302802, -34.516612010207545 ], [ -58.477828688155803, -34.513904235918602 ], [ -58.476184312249281, -34.517635482497049 ], [ -58.480020672648934, -34.519173214000105 ], [ -58.480390162403779, -34.518613266165723 ], [ -58.481618243056133, -34.519209933236233 ], [ -58.483355266302802, -34.516612010207545 ] ] ] ] } },
{ "type": "Feature", "properties": { "id": 214, "Name": "49", "Cuadro": "NA", "Nombre": "NA", "LP": "NA" }, "geometry": { "type": "MultiPolygon", "coordinates": [ [ [ [ -58.48451010171636, -34.521821057993336 ], [ -58.47980135614111, -34.519480827089332 ], [ -58.479505017391979, -34.519912746751615 ], [ -58.477261049949298, -34.518904469774412 ], [ -58.477001534255507, -34.519295455560886 ], [ -58.477183180741108, -34.51938627366679 ], [ -58.47645064236076, -34.52047710986124 ], [ -58.482754844158578, -34.523499444751096 ], [ -58.483938694607446, -34.521755667873073 ], [ -58.484412061504436, -34.521980851044731 ], [ -58.484511373918551, -34.521821637930046 ], [ -58.48451010171636, -34.521821057993336 ] ] ] ] } },
{ "type": "Feature", "properties": { "id": 215, "Name": "612", "Cuadro": "NA", "Nombre": "NA", "LP": "NA" }, "geometry": { "type": "MultiPolygon", "coordinates": [ [ [ [ -58.477183180741108, -34.51938627366679 ], [ -58.475894413505998, -34.518798892448416 ], [ -58.476392840276617, -34.517724629617014 ], [ -58.47618377786258, -34.517636611284395 ], [ -58.474362062465048, -34.521574968911914 ], [ -58.474562975152082, -34.521656409706139 ], [ -58.474117172713896, -34.522609726479274 ], [ -58.474533926321804, -34.522822166935427 ], [ -58.477183058538536, -34.519386455643513 ], [ -58.477183180741108, -34.51938627366679 ] ] ] ] } },
{ "type": "Feature", "properties": { "id": 216, "Name": "60", "Cuadro": "NA", "Nombre": "NA", "LP": "NA" }, "geometry": { "type": "MultiPolygon", "coordinates": [ [ [ [ -58.479880330135607, -34.525573390151912 ], [ -58.481644292310698, -34.52299033075208 ], [ -58.476445144284874, -34.520485401749468 ], [ -58.47481519986637, -34.522913984417436 ], [ -58.4758780334082, -34.523422661956289 ], [ -58.475731574226458, -34.523607827029458 ], [ -58.475751272417888, -34.523617259178963 ], [ -58.479880330135607, -34.525573390151912 ] ] ] ] } },
{ "type": "Feature", "properties": { "id": 217, "Name": "59", "Cuadro": "NA", "Nombre": "NA", "LP": "NA" }, "geometry": { "type": "MultiPolygon", "coordinates": [ [ [ [ -58.483419420985811, -34.523846313352117 ], [ -58.481697654314679, -34.523017473557857 ], [ -58.479869520655967, -34.52558921846606 ], [ -58.478883564498339, -34.52512309506367 ], [ -58.476358860169086, -34.528694636776194 ], [ -58.47982496036628, -34.530401011258576 ], [ -58.483419420869758, -34.523846313296254 ], [ -58.483419420985811, -34.523846313352117 ] ] ] ] } },
{ "type": "Feature", "properties": { "id": 218, "Name": "613", "Cuadro": "NA", "Nombre": "NA", "LP": "NA" }, "geometry": { "type": "MultiPolygon", "coordinates": [ [ [ [ -58.47455993183096, -34.52166124384425 ], [ -58.474338828609902, -34.521564664747814 ], [ -58.474289681384121, -34.521748124751362 ], [ -58.473929632437638, -34.522513785503861 ], [ -58.473562904524499, -34.522341782100668 ], [ -58.473475697491089, -34.522532593327711 ], [ -58.473797310344843, -34.522685306163737 ], [ -58.472390797579287, -34.525765469569428 ], [ -58.472299147695182, -34.525753960216704 ], [ -58.472213393374155, -34.525994728654901 ], [ -58.473425824706567, -34.526471725722423 ], [ -58.473547361592296, -34.526301015703993 ], [ -58.472618355961288, -34.525887128786422 ], [ -58.473051745593494, -34.524971684976975 ], [ -58.473451392215566, -34.524672000891364 ], [ -58.473529853977048, -34.52442933323367 ], [ -58.474820263490081, -34.524513861857386 ], [ -58.475033563406605, -34.524204782642734 ], [ -58.474081342725256, -34.524257052568338 ], [ -58.4758780334082, -34.523422661956289 ], [ -58.47455993183096, -34.52166124384425 ] ] ] ] } },
{ "type": "Feature", "properties": { "id": 219, "Name": "63", "Cuadro": "NA", "Nombre": "NA", "LP": "NA" }, "geometry": { "type": "MultiPolygon", "coordinates": [ [ [ [ -58.486250451874234, -34.532474827459659 ], [ -58.488029612459819, -34.529841099639697 ], [ -58.485701980975364, -34.528723936519988 ], [ -58.485208681479698, -34.529422912381634 ], [ -58.481840881578705, -34.527816636252034 ], [ -58.480712348177413, -34.529847582988594 ], [ -58.486250451874234, -34.532474827459659 ] ] ] ] } },
{ "type": "Feature", "properties": { "id": 220, "Name": "58", "Cuadro": "NA", "Nombre": "NA", "LP": "NA" }, "geometry": { "type": "MultiPolygon", "coordinates": [ [ [ [ -58.481840881578705, -34.527816636252034 ], [ -58.485208681479698, -34.529422912381634 ], [ -58.485701980975364, -34.528723936519988 ], [ -58.488132222219981, -34.529894540780141 ], [ -58.488886704492707, -34.528807237073821 ], [ -58.489830083924474, -34.529238562680931 ], [ -58.490313523786561, -34.528539427071209 ], [ -58.489146827173947, -34.527952800839465 ], [ -58.48975042646142, -34.527025731267202 ], [ -58.483911347272432, -34.524133687378828 ], [ -58.481840881578705, -34.527816636252034 ] ] ] ] } },
{ "type": "Feature", "properties": { "id": 221, "Name": "64", "Cuadro": "NA", "Nombre": "NA", "LP": "NA" }, "geometry": { "type": "MultiPolygon", "coordinates": [ [ [ [ -58.489857672706727, -34.536488827378079 ], [ -58.491757119161782, -34.533786371487437 ], [ -58.486974786675816, -34.531525917837804 ], [ -58.48510499605284, -34.534163643711366 ], [ -58.489857672706727, -34.536488827378079 ] ] ] ] } },
{ "type": "Feature", "properties": { "id": 222, "Name": "56", "Cuadro": "NA", "Nombre": "NA", "LP": "NA" }, "geometry": { "type": "MultiPolygon", "coordinates": [ [ [ [ -58.49295894955673, -34.534320318542555 ], [ -58.493450008954731, -34.53365208873916 ], [ -58.494466552136352, -34.534145498348991 ], [ -58.494272548822011, -34.531359155131433 ], [ -58.488886704492707, -34.528807237073821 ], [ -58.486983047762187, -34.531448713888487 ], [ -58.492958949560659, -34.534320318529247 ], [ -58.49295894955673, -34.534320318542555 ] ] ] ] } },
{ "type": "Feature", "properties": { "id": 223, "Name": "70", "Cuadro": "NA", "Nombre": "NA", "LP": "NA" }, "geometry": { "type": "MultiPolygon", "coordinates": [ [ [ [ -58.485087347705871, -34.534192654086468 ], [ -58.479674338507934, -34.531733586236655 ], [ -58.478354762009651, -34.53441626471281 ], [ -58.483265592461983, -34.536775446305512 ], [ -58.485087347705871, -34.534192654086468 ] ] ] ] } },
{ "type": "Feature", "properties": { "id": 224, "Name": "51", "Cuadro": "NA", "Nombre": "NA", "LP": "NA" }, "geometry": { "type": "MultiPolygon", "coordinates": [ [ [ [ -58.501623024979267, -34.528299883133954 ], [ -58.500447199265594, -34.52771988722408 ], [ -58.500186666830039, -34.528087380690039 ], [ -58.494348394220253, -34.525278743725799 ], [ -58.494794087937962, -34.525812581310937 ], [ -58.495110640348912, -34.529391695075994 ], [ -58.498425083674626, -34.531014522745792 ], [ -58.498899429199056, -34.530356307971992 ], [ -58.499887519738763, -34.530790273386792 ], [ -58.501623024979267, -34.528299883133954 ] ] ] ] } },
{ "type": "Feature", "properties": { "id": 225, "Name": "44", "Cuadro": "NA", "Nombre": "NA", "LP": "NA" }, "geometry": { "type": "MultiPolygon", "coordinates": [ [ [ [ -58.497995203720123, -34.527029803891118 ], [ -58.499498009691557, -34.524896538462066 ], [ -58.494223645198247, -34.522296139210461 ], [ -58.494313469851292, -34.525261455419553 ], [ -58.497995203720123, -34.527029803891118 ] ] ] ] } },
{ "type": "Feature", "properties": { "id": 226, "Name": "57", "Cuadro": "NA", "Nombre": "NA", "LP": "NA" }, "geometry": { "type": "MultiPolygon", "coordinates": [ [ [ [ -58.493937856221841, -34.528820738966026 ], [ -58.493724909391169, -34.525293764999979 ], [ -58.4916628039473, -34.524269632722337 ], [ -58.489881647141431, -34.526823531961035 ], [ -58.493937856221841, -34.528820738966026 ] ] ] ] } },
{ "type": "Feature", "properties": { "id": 227, "Name": "50", "Cuadro": "NA", "Nombre": "NA", "LP": "NA" }, "geometry": { "type": "MultiPolygon", "coordinates": [ [ [ [ -58.489881134408449, -34.526821814704313 ], [ -58.489882406722963, -34.526822394582048 ], [ -58.491666174536597, -34.524270973246026 ], [ -58.490692600091045, -34.523785522307996 ], [ -58.490529542401127, -34.523623375102147 ], [ -58.48546537057932, -34.521110581282635 ], [ -58.484031867814608, -34.52395257586366 ], [ -58.489881134408449, -34.526821814704313 ] ] ] ] } },
{ "type": "Feature", "properties": { "id": 228, "Name": "610", "Cuadro": "NA", "Nombre": "NA", "LP": "NA" }, "geometry": { "type": "MultiPolygon", "coordinates": [ [ [ [ -58.498430358851792, -34.531027743905483 ], [ -58.484031868105617, -34.523952576030524 ], [ -58.483921959409365, -34.524138914071479 ], [ -58.49830942922015, -34.531225766121487 ], [ -58.498430358851792, -34.531027743905483 ] ] ] ] } },
{ "type": "Feature", "properties": { "id": 229, "Name": "57", "Cuadro": "NA", "Nombre": "NA", "LP": "NA" }, "geometry": { "type": "MultiPolygon", "coordinates": [ [ [ [ -58.493952902477233, -34.529078190174396 ], [ -58.489748916088637, -34.527025501704976 ], [ -58.489146827173947, -34.527952800839465 ], [ -58.490363373647696, -34.528563399396241 ], [ -58.489854174145201, -34.529276988572093 ], [ -58.494028894246547, -34.531249679639707 ], [ -58.493995473443739, -34.530596753737662 ], [ -58.494106232489493, -34.530435283421106 ], [ -58.494043699805154, -34.530180357369787 ], [ -58.493982420899854, -34.530038545676291 ], [ -58.493952902497824, -34.529078190184457 ], [ -58.493952902477233, -34.529078190174396 ] ] ] ] } },
{ "type": "Feature", "properties": { "id": 230, "Name": "609", "Cuadro": "NA", "Nombre": "NA", "LP": "NA" }, "geometry": { "type": "MultiPolygon", "coordinates": [ [ [ [ -58.493961608958998, -34.525102474010097 ], [ -58.485573081839149, -34.520908643844663 ], [ -58.485461277008952, -34.521119488993989 ], [ -58.494101515689508, -34.525465396370087 ], [ -58.493961608958998, -34.525102474010097 ] ] ] ] } },
{ "type": "Feature", "properties": { "id": 231, "Name": "45", "Cuadro": "NA", "Nombre": "NA", "LP": "NA" }, "geometry": { "type": "MultiPolygon", "coordinates": [ [ [ [ -58.493961608958998, -34.525102474010097 ], [ -58.493962168493972, -34.525103980264859 ], [ -58.493874685350022, -34.522740916579359 ], [ -58.489167777714741, -34.520370541865844 ], [ -58.488768391334077, -34.520930936581379 ], [ -58.486208727595937, -34.519764165213026 ], [ -58.485569290309364, -34.520909552963602 ], [ -58.493961608958998, -34.525102474010097 ] ] ] ] } },
{ "type": "Feature", "properties": { "id": 232, "Name": "42", "Cuadro": "NA", "Nombre": "NA", "LP": "NA" }, "geometry": { "type": "MultiPolygon", "coordinates": [ [ [ [ -58.493823232276341, -34.522655930745664 ], [ -58.493790187725686, -34.522090357375092 ], [ -58.493599472692189, -34.520727189568838 ], [ -58.492803504646552, -34.519406535358648 ], [ -58.49200348664646, -34.518401024349259 ], [ -58.491362480606945, -34.517617561250816 ], [ -58.48823471678881, -34.516141069030049 ], [ -58.486208727595937, -34.519764165213026 ], [ -58.488783911502949, -34.520931043465581 ], [ -58.489167777714741, -34.520370541865844 ], [ -58.493823232276341, -34.522655930745664 ] ] ] ] } },
{ "type": "Feature", "properties": { "id": 233, "Name": "606", "Cuadro": "NA", "Nombre": "NA", "LP": "NA" }, "geometry": { "type": "MultiPolygon", "coordinates": [ [ [ [ -58.492959882092357, -34.512517410739378 ], [ -58.492021367305902, -34.511992787607831 ], [ -58.493795661088932, -34.509077846620272 ], [ -58.493801267502185, -34.508852597883823 ], [ -58.492069379420975, -34.508049406846233 ], [ -58.491921630830973, -34.508327882174754 ], [ -58.493575722858708, -34.508974847354374 ], [ -58.492773175571671, -34.510292025897186 ], [ -58.491608328255694, -34.509774222053998 ], [ -58.49148400987653, -34.509981039728437 ], [ -58.492587266782891, -34.510515621697969 ], [ -58.492274247706504, -34.511120745766448 ], [ -58.491124287901158, -34.510596546695375 ], [ -58.491063089874949, -34.510788223355547 ], [ -58.492100704460086, -34.51129689163573 ], [ -58.491799128553382, -34.511919692983582 ], [ -58.490651704550501, -34.511396649467478 ], [ -58.490622289542955, -34.511630261661644 ], [ -58.491650759240066, -34.512119215919739 ], [ -58.490665832676093, -34.513593341356035 ], [ -58.490867712337071, -34.513693599124373 ], [ -58.491296434992783, -34.513049156389421 ], [ -58.492301917377873, -34.513523928477397 ], [ -58.492423408807277, -34.513348776725607 ], [ -58.491416666478884, -34.512873410273968 ], [ -58.491870083671017, -34.512201800526746 ], [ -58.492884194967168, -34.512686014589285 ], [ -58.492959882092357, -34.512517410739378 ] ] ] ] } },
{ "type": "Feature", "properties": { "id": 234, "Name": "607", "Cuadro": "NA", "Nombre": "NA", "LP": "NA" }, "geometry": { "type": "MultiPolygon", "coordinates": [ [ [ [ -58.488703162819299, -34.513966714306875 ], [ -58.488703162832479, -34.513966714288316 ], [ -58.487920688387611, -34.513044603455633 ], [ -58.488155499796989, -34.512701512867956 ], [ -58.489103509121747, -34.51315563167978 ], [ -58.489216517936107, -34.512940911514157 ], [ -58.488299359856882, -34.512495367312724 ], [ -58.491447483649658, -34.507763165976598 ], [ -58.491232381889745, -34.507667853570162 ], [ -58.48809494189932, -34.512393945315615 ], [ -58.487722500824724, -34.512948766221008 ], [ -58.487615604080418, -34.513062875907977 ], [ -58.488545609334139, -34.514188576345866 ], [ -58.488703162819299, -34.513966714306875 ] ] ] ] } },
{ "type": "Feature", "properties": { "id": 235, "Name": "606", "Cuadro": "NA", "Nombre": "NA", "LP": "NA" }, "geometry": { "type": "MultiPolygon", "coordinates": [ [ [ [ -58.491470146586394, -34.509159554242125 ], [ -58.490812685277888, -34.508840976948683 ], [ -58.490763562863947, -34.509054281660752 ], [ -58.491389998399939, -34.509339847122249 ], [ -58.491470146586522, -34.509159554242189 ], [ -58.491470146586394, -34.509159554242125 ] ] ] ] } },
{ "type": "Feature", "properties": { "id": 236, "Name": "606", "Cuadro": "NA", "Nombre": "NA", "LP": "NA" }, "geometry": { "type": "MultiPolygon", "coordinates": [ [ [ [ -58.490749672274887, -34.510412054250743 ], [ -58.49008030983984, -34.510112409092457 ], [ -58.489925090786357, -34.510257540182273 ], [ -58.490622636077383, -34.510603015531963 ], [ -58.490749672274887, -34.510412054250743 ] ] ] ] } },
{ "type": "Feature", "properties": { "id": 237, "Name": "35", "Cuadro": "NA", "Nombre": "NA", "LP": "NA" }, "geometry": { "type": "MultiPolygon", "coordinates": [ [ [ [ -58.493604251946508, -34.520288855986657 ], [ -58.496163140752884, -34.516512070545524 ], [ -58.490699618847643, -34.51389144376612 ], [ -58.489963237164822, -34.515068094091269 ], [ -58.490966817060496, -34.516351176270575 ], [ -58.490788787281836, -34.516591056473736 ], [ -58.491946452880512, -34.517923533735598 ], [ -58.493604251946508, -34.520288855986657 ] ] ] ] } },
{ "type": "Feature", "properties": { "id": 238, "Name": "608", "Cuadro": "NA", "Nombre": "NA", "LP": "NA" }, "geometry": { "type": "MultiPolygon", "coordinates": [ [ [ [ -58.491356394709669, -34.517581851347536 ], [ -58.491357666890856, -34.517582431214109 ], [ -58.488243824399419, -34.516127380085074 ], [ -58.488322546957747, -34.515909379831008 ], [ -58.488862858157972, -34.516162496786599 ], [ -58.489365277756129, -34.515473460402703 ], [ -58.489529182926418, -34.515660707627475 ], [ -58.489096428685528, -34.516281360627005 ], [ -58.490069299077092, -34.516757760656084 ], [ -58.490245694902661, -34.516522527793214 ], [ -58.490406063423556, -34.516675222954255 ], [ -58.490275873854799, -34.516851922052133 ], [ -58.491130934176049, -34.517278347145741 ], [ -58.491356394709669, -34.517581851347536 ] ] ] ] } },
{ "type": "Feature", "properties": { "id": 239, "Name": "608", "Cuadro": "NA", "Nombre": "NA", "LP": "NA" }, "geometry": { "type": "MultiPolygon", "coordinates": [ [ [ [ -58.49435991765543, -34.515417122541059 ], [ -58.48967585673838, -34.513175004384514 ], [ -58.489617620407955, -34.513304904829148 ], [ -58.490534759251084, -34.513805316281491 ], [ -58.490048831967243, -34.514497791366267 ], [ -58.489490654292659, -34.514243351096496 ], [ -58.48924684871978, -34.514041638211069 ], [ -58.489177570733517, -34.514320208788952 ], [ -58.489914580393844, -34.514689105486553 ], [ -58.48977894160096, -34.514896544438365 ], [ -58.489963237164822, -34.515068094091269 ], [ -58.490734868749186, -34.513888299142579 ], [ -58.494276888068768, -34.515521998827921 ], [ -58.494359902855216, -34.515417115457126 ], [ -58.49435991765543, -34.515417122541059 ] ] ] ] } },
{ "type": "Feature", "properties": { "id": 240, "Name": "606", "Cuadro": "NA", "Nombre": "NA", "LP": "NA" }, "geometry": { "type": "MultiPolygon", "coordinates": [ [ [ [ -58.490270338984544, -34.511217313938332 ], [ -58.490270338984978, -34.511217313937664 ], [ -58.489521936778743, -34.510844583797578 ], [ -58.48942786355623, -34.511003434347607 ], [ -58.490156926162236, -34.511387793104731 ], [ -58.490270338984544, -34.511217313938332 ] ] ] ] } },
{ "type": "Feature", "properties": { "id": 241, "Name": "606", "Cuadro": "NA", "Nombre": "NA", "LP": "NA" }, "geometry": { "type": "MultiPolygon", "coordinates": [ [ [ [ -58.489735727886512, -34.512090696821083 ], [ -58.489735727886476, -34.512090696821154 ], [ -58.488874805917177, -34.511665299929234 ], [ -58.488852869903603, -34.511837822952018 ], [ -58.489620840017096, -34.512263389380522 ], [ -58.489735727886512, -34.512090696821083 ] ] ] ] } },
{ "type": "Feature", "properties": { "id": 242, "Name": "608", "Cuadro": "NA", "Nombre": "NA", "LP": "NA" }, "geometry": { "type": "MultiPolygon", "coordinates": [ [ [ [ -58.487860891959528, -34.515696189493063 ], [ -58.487860891960928, -34.515696189490171 ], [ -58.487250161111639, -34.515393081226364 ], [ -58.487131482232307, -34.515562526333305 ], [ -58.487739763884079, -34.51586329498479 ], [ -58.487860891959528, -34.515696189493063 ] ] ] ] } },
{ "type": "Feature", "properties": { "id": 243, "Name": "608", "Cuadro": "NA", "Nombre": "NA", "LP": "NA" }, "geometry": { "type": "MultiPolygon", "coordinates": [ [ [ [ -58.488474925729086, -34.514279866771368 ], [ -58.488474929775414, -34.51427984333457 ], [ -58.488120278859185, -34.514105206602913 ], [ -58.487993664468, -34.51428554646948 ], [ -58.488434066741135, -34.514516526335754 ], [ -58.488474925729086, -34.514279866771368 ] ] ] ] } },
{ "type": "Feature", "properties": { "id": 244, "Name": "604", "Cuadro": "NA", "Nombre": "NA", "LP": "NA" }, "geometry": { "type": "MultiPolygon", "coordinates": [ [ [ [ -58.480603331501307, -34.529856901678841 ], [ -58.480291046828356, -34.529713174551517 ], [ -58.476042227349048, -34.538044846071983 ], [ -58.476389873204965, -34.538170380168147 ], [ -58.480603331501307, -34.529856901678841 ] ] ] ] } },
{ "type": "Feature", "properties": { "id": 245, "Name": "19", "Cuadro": "NA", "Nombre": "NA", "LP": "NA" }, "geometry": { "type": "MultiPolygon", "coordinates": [ [ [ [ -58.501541875635851, -34.512670148998282 ], [ -58.502772006328968, -34.510855753403767 ], [ -58.506608546132291, -34.512584478979676 ], [ -58.507910660237116, -34.510648835927221 ], [ -58.502866474231638, -34.508388055782184 ], [ -58.502256996396746, -34.50935410033329 ], [ -58.502450488191194, -34.509439537047705 ], [ -58.500608949414044, -34.512213422997277 ], [ -58.501541875635851, -34.512670148998282 ] ] ] ] } },
{ "type": "Feature", "properties": { "id": 246, "Name": "20", "Cuadro": "NA", "Nombre": "NA", "LP": "NA" }, "geometry": { "type": "MultiPolygon", "coordinates": [ [ [ [ -58.506605715287037, -34.512588677999901 ], [ -58.506605744843377, -34.512588691359305 ], [ -58.502772006328968, -34.510855753403767 ], [ -58.501106503655336, -34.513414477081305 ], [ -58.50095355678453, -34.513405154389154 ], [ -58.500867869480018, -34.514122217814837 ], [ -58.501545689893987, -34.514314472440105 ], [ -58.504682274285656, -34.51589474208388 ], [ -58.505669615128191, -34.514564536834769 ], [ -58.505389259006307, -34.514417911610629 ], [ -58.506605715287037, -34.512588677999901 ] ] ] ] } },
{ "type": "Feature", "properties": { "id": 247, "Name": "38", "Cuadro": "NA", "Nombre": "NA", "LP": "NA" }, "geometry": { "type": "MultiPolygon", "coordinates": [ [ [ [ -58.510236763217051, -34.52330229035519 ], [ -58.509589294856887, -34.522968899499702 ], [ -58.510043057504802, -34.522377013998515 ], [ -58.508014734592187, -34.521415879548236 ], [ -58.507609437242415, -34.521953000144741 ], [ -58.504096692144309, -34.520145284623958 ], [ -58.503924877909917, -34.520448476383557 ], [ -58.505818090868438, -34.52131110230178 ], [ -58.504571808134003, -34.523041458985958 ], [ -58.508851110812955, -34.52520133219604 ], [ -58.510289425054594, -34.523334363414932 ], [ -58.510236763217051, -34.52330229035519 ] ] ] ] } }
]
}
